id,filename,label
0,13_15.jpg,13
1,27_18.jpg,27
2,48_11.jpg,48
3,0_61.jpg,0
4,4_88.jpg,4
5,5_65.jpg,5
6,7_51.jpg,7
7,10_48.jpg,10
8,36_26.jpg,36
9,34_64.jpg,34
10,34_21.jpg,34
11,59_14.jpg,59
12,27_24.jpg,27
13,42_22.jpg,42
14,10_3.jpg,10
15,43_45.jpg,43
16,22_17.jpg,22
17,52_61.jpg,52
18,32_28.jpg,32
19,56_21.jpg,56
20,54_88.jpg,54
21,48_53.jpg,48
22,45_48.jpg,45
23,52_37.jpg,52
24,8_42.jpg,8
25,3_4.jpg,3
26,30_48.jpg,30
27,1_7.jpg,1
28,41_23.jpg,41
29,27_60.jpg,27
30,42_57.jpg,42
31,22_48.jpg,22
32,7_46.jpg,7
33,9_92.jpg,9
34,0_53.jpg,0
35,36_60.jpg,36
36,32_61.jpg,32
37,55_60.jpg,55
38,45_40.jpg,45
39,11_33.jpg,11
40,24_24.jpg,24
41,5_62.jpg,5
42,18_76.jpg,18
43,31_27.jpg,31
44,54_71.jpg,54
45,32_67.jpg,32
46,42_51.jpg,42
47,63_38.jpg,63
48,12_64.jpg,12
49,50_22.jpg,50
50,64_34.jpg,64
51,53_59.jpg,53
52,44_51.jpg,44
53,1_76.jpg,1
54,25_29.jpg,25
55,18_7.jpg,18
56,48_29.jpg,48
57,20_1.jpg,20
58,22_43.jpg,22
59,52_63.jpg,52
60,5_6.jpg,5
61,47_49.jpg,47
62,6_24.jpg,6
63,47_23.jpg,47
64,16_10.jpg,16
65,15_38.jpg,15
66,47_61.jpg,47
67,62_30.jpg,62
68,20_34.jpg,20
69,45_16.jpg,45
70,13_74.jpg,13
71,15_42.jpg,15
72,1_19.jpg,1
73,10_85.jpg,10
74,11_51.jpg,11
75,3_47.jpg,3
76,29_28.jpg,29
77,1_66.jpg,1
78,45_14.jpg,45
79,38_8.jpg,38
80,50_65.jpg,50
81,49_22.jpg,49
82,12_11.jpg,12
83,25_33.jpg,25
84,61_80.jpg,61
85,16_4.jpg,16
86,22_57.jpg,22
87,35_41.jpg,35
88,3_58.jpg,3
89,24_29.jpg,24
90,21_14.jpg,21
91,1_34.jpg,1
92,39_28.jpg,39
93,29_45.jpg,29
94,32_47.jpg,32
95,58_35.jpg,58
96,17_42.jpg,17
97,7_35.jpg,7
98,50_14.jpg,50
99,60_42.jpg,60
100,59_22.jpg,59
101,60_74.jpg,60
102,25_28.jpg,25
103,53_74.jpg,53
104,28_51.jpg,28
105,18_55.jpg,18
106,54_6.jpg,54
107,61_24.jpg,61
108,49_39.jpg,49
109,15_3.jpg,15
110,52_22.jpg,52
111,14_44.jpg,14
112,12_21.jpg,12
113,48_52.jpg,48
114,18_54.jpg,18
115,38_21.jpg,38
116,15_15.jpg,15
117,11_31.jpg,11
118,13_19.jpg,13
119,41_54.jpg,41
120,14_45.jpg,14
121,10_1.jpg,10
122,37_11.jpg,37
123,29_75.jpg,29
124,29_26.jpg,29
125,53_16.jpg,53
126,19_49.jpg,19
127,41_27.jpg,41
128,1_9.jpg,1
129,31_42.jpg,31
130,46_10.jpg,46
131,0_50.jpg,0
132,44_11.jpg,44
133,39_62.jpg,39
134,21_65.jpg,21
135,22_47.jpg,22
136,41_41.jpg,41
137,45_44.jpg,45
138,10_59.jpg,10
139,30_33.jpg,30
140,46_13.jpg,46
141,34_57.jpg,34
142,10_53.jpg,10
143,2_63.jpg,2
144,44_10.jpg,44
145,25_3.jpg,25
146,54_51.jpg,54
147,63_51.jpg,63
148,21_76.jpg,21
149,53_69.jpg,53
150,62_61.jpg,62
151,7_68.jpg,7
152,46_38.jpg,46
153,40_6.jpg,40
154,45_24.jpg,45
155,12_58.jpg,12
156,55_10.jpg,55
157,1_30.jpg,1
158,58_9.jpg,58
159,11_57.jpg,11
160,11_48.jpg,11
161,42_48.jpg,42
162,12_52.jpg,12
163,61_69.jpg,61
164,13_51.jpg,13
165,4_89.jpg,4
166,13_56.jpg,13
167,48_16.jpg,48
168,31_53.jpg,31
169,48_47.jpg,48
170,14_19.jpg,14
171,0_77.jpg,0
172,44_54.jpg,44
173,18_38.jpg,18
174,29_21.jpg,29
175,50_18.jpg,50
176,46_15.jpg,46
177,3_34.jpg,3
178,59_18.jpg,59
179,54_14.jpg,54
180,33_14.jpg,33
181,56_1.jpg,56
182,4_73.jpg,4
183,7_50.jpg,7
184,12_38.jpg,12
185,39_54.jpg,39
186,21_10.jpg,21
187,25_12.jpg,25
188,36_57.jpg,36
189,44_45.jpg,44
190,29_34.jpg,29
191,57_36.jpg,57
192,18_29.jpg,18
193,3_9.jpg,3
194,54_7.jpg,54
195,10_62.jpg,10
196,21_81.jpg,21
197,51_45.jpg,51
198,50_41.jpg,50
199,55_57.jpg,55
200,39_63.jpg,39
201,30_11.jpg,30
202,32_65.jpg,32
203,24_4.jpg,24
204,51_3.jpg,51
205,16_43.jpg,16
206,35_40.jpg,35
207,19_60.jpg,19
208,42_49.jpg,42
209,55_24.jpg,55
210,3_6.jpg,3
211,0_45.jpg,0
212,0_84.jpg,0
213,58_24.jpg,58
214,11_64.jpg,11
215,17_14.jpg,17
216,1_70.jpg,1
217,45_15.jpg,45
218,61_29.jpg,61
219,3_78.jpg,3
220,54_72.jpg,54
221,36_4.jpg,36
222,27_11.jpg,27
223,31_17.jpg,31
224,2_57.jpg,2
225,43_9.jpg,43
226,56_71.jpg,56
227,54_13.jpg,54
228,55_29.jpg,55
229,14_62.jpg,14
230,27_12.jpg,27
231,45_42.jpg,45
232,41_36.jpg,41
233,37_58.jpg,37
234,3_55.jpg,3
235,15_43.jpg,15
236,26_41.jpg,26
237,43_52.jpg,43
238,48_57.jpg,48
239,39_36.jpg,39
240,62_35.jpg,62
241,29_52.jpg,29
242,5_49.jpg,5
243,44_49.jpg,44
244,21_46.jpg,21
245,1_50.jpg,1
246,39_46.jpg,39
247,1_89.jpg,1
248,27_51.jpg,27
249,5_30.jpg,5
250,20_40.jpg,20
251,45_37.jpg,45
252,27_28.jpg,27
253,61_57.jpg,61
254,18_53.jpg,18
255,29_62.jpg,29
256,40_18.jpg,40
257,44_7.jpg,44
258,3_72.jpg,3
259,36_54.jpg,36
260,45_21.jpg,45
261,11_58.jpg,11
262,56_62.jpg,56
263,40_13.jpg,40
264,41_34.jpg,41
265,9_51.jpg,9
266,50_47.jpg,50
267,60_1.jpg,60
268,39_51.jpg,39
269,11_24.jpg,11
270,36_1.jpg,36
271,8_13.jpg,8
272,5_37.jpg,5
273,59_28.jpg,59
274,36_21.jpg,36
275,51_6.jpg,51
276,63_41.jpg,63
277,2_42.jpg,2
278,33_20.jpg,33
279,4_35.jpg,4
280,63_80.jpg,63
281,9_65.jpg,9
282,7_69.jpg,7
283,26_12.jpg,26
284,51_42.jpg,51
285,63_18.jpg,63
286,10_57.jpg,10
287,15_8.jpg,15
288,8_21.jpg,8
289,21_48.jpg,21
290,41_38.jpg,41
291,36_40.jpg,36
292,44_26.jpg,44
293,21_67.jpg,21
294,57_22.jpg,57
295,57_39.jpg,57
296,4_38.jpg,4
297,51_33.jpg,51
298,36_12.jpg,36
299,23_44.jpg,23
300,30_9.jpg,30
301,26_30.jpg,26
302,16_49.jpg,16
303,25_36.jpg,25
304,1_65.jpg,1
305,53_34.jpg,53
306,52_47.jpg,52
307,63_28.jpg,63
308,25_48.jpg,25
309,35_8.jpg,35
310,12_40.jpg,12
311,12_62.jpg,12
312,5_74.jpg,5
313,19_53.jpg,19
314,21_21.jpg,21
315,56_35.jpg,56
316,6_58.jpg,6
317,22_71.jpg,22
318,15_16.jpg,15
319,60_63.jpg,60
320,36_27.jpg,36
321,60_24.jpg,60
322,41_13.jpg,41
323,56_72.jpg,56
324,34_4.jpg,34
325,54_84.jpg,54
326,0_43.jpg,0
327,21_66.jpg,21
328,8_33.jpg,8
329,4_94.jpg,4
330,19_40.jpg,19
331,55_49.jpg,55
332,34_37.jpg,34
333,55_56.jpg,55
334,61_41.jpg,61
335,9_66.jpg,9
336,41_43.jpg,41
337,53_3.jpg,53
338,6_40.jpg,6
339,30_49.jpg,30
340,22_69.jpg,22
341,58_47.jpg,58
342,36_14.jpg,36
343,28_47.jpg,28
344,31_38.jpg,31
345,27_17.jpg,27
346,39_57.jpg,39
347,39_61.jpg,39
348,55_40.jpg,55
349,23_12.jpg,23
350,54_27.jpg,54
351,34_68.jpg,34
352,18_40.jpg,18
353,21_59.jpg,21
354,42_14.jpg,42
355,4_28.jpg,4
356,21_70.jpg,21
357,28_9.jpg,28
358,34_46.jpg,34
359,38_10.jpg,38
360,15_9.jpg,15
361,52_51.jpg,52
362,7_19.jpg,7
363,50_3.jpg,50
364,63_76.jpg,63
365,15_61.jpg,15
366,42_16.jpg,42
367,10_75.jpg,10
368,41_42.jpg,41
369,11_47.jpg,11
370,51_14.jpg,51
371,20_4.jpg,20
372,19_42.jpg,19
373,14_38.jpg,14
374,53_37.jpg,53
375,55_47.jpg,55
376,56_18.jpg,56
377,25_50.jpg,25
378,43_41.jpg,43
379,24_26.jpg,24
380,61_61.jpg,61
381,37_37.jpg,37
382,9_44.jpg,9
383,20_23.jpg,20
384,57_1.jpg,57
385,5_67.jpg,5
386,53_41.jpg,53
387,50_17.jpg,50
388,24_7.jpg,24
389,32_46.jpg,32
390,43_29.jpg,43
391,23_35.jpg,23
392,38_23.jpg,38
393,4_69.jpg,4
394,25_14.jpg,25
395,50_50.jpg,50
396,15_27.jpg,15
397,9_53.jpg,9
398,36_3.jpg,36
399,42_42.jpg,42
400,37_55.jpg,37
401,32_54.jpg,32
402,28_16.jpg,28
403,25_52.jpg,25
404,59_33.jpg,59
405,18_48.jpg,18
406,62_57.jpg,62
407,6_46.jpg,6
408,63_14.jpg,63
409,31_30.jpg,31
410,18_13.jpg,18
411,10_88.jpg,10
412,1_81.jpg,1
413,10_51.jpg,10
414,15_30.jpg,15
415,61_81.jpg,61
416,42_18.jpg,42
417,1_22.jpg,1
418,48_19.jpg,48
419,44_66.jpg,44
420,55_61.jpg,55
421,54_83.jpg,54
422,12_10.jpg,12
423,60_12.jpg,60
424,25_16.jpg,25
425,37_17.jpg,37
426,41_18.jpg,41
427,9_19.jpg,9
428,56_33.jpg,56
429,5_34.jpg,5
430,21_15.jpg,21
431,5_64.jpg,5
432,50_30.jpg,50
433,54_54.jpg,54
434,9_67.jpg,9
435,58_1.jpg,58
436,17_33.jpg,17
437,44_33.jpg,44
438,57_53.jpg,57
439,54_77.jpg,54
440,3_10.jpg,3
441,4_17.jpg,4
442,22_37.jpg,22
443,32_19.jpg,32
444,7_47.jpg,7
445,53_29.jpg,53
446,60_19.jpg,60
447,1_21.jpg,1
448,36_28.jpg,36
449,31_70.jpg,31
450,6_78.jpg,6
451,10_64.jpg,10
452,0_52.jpg,0
453,35_23.jpg,35
454,61_21.jpg,61
455,30_71.jpg,30
456,45_45.jpg,45
457,31_18.jpg,31
458,43_47.jpg,43
459,4_80.jpg,4
460,24_14.jpg,24
461,29_1.jpg,29
462,51_48.jpg,51
463,9_6.jpg,9
464,32_14.jpg,32
465,5_56.jpg,5
466,60_15.jpg,60
467,37_51.jpg,37
468,7_22.jpg,7
469,3_21.jpg,3
470,44_16.jpg,44
471,60_40.jpg,60
472,36_8.jpg,36
473,54_64.jpg,54
474,12_23.jpg,12
475,26_33.jpg,26
476,41_52.jpg,41
477,64_39.jpg,64
478,12_8.jpg,12
479,14_14.jpg,14
480,1_8.jpg,1
481,9_35.jpg,9
482,0_64.jpg,0
483,54_12.jpg,54
484,50_69.jpg,50
485,30_1.jpg,30
486,37_21.jpg,37
487,21_56.jpg,21
488,8_34.jpg,8
489,55_13.jpg,55
490,8_53.jpg,8
491,48_69.jpg,48
492,1_17.jpg,1
493,53_27.jpg,53
494,61_60.jpg,61
495,8_27.jpg,8
496,2_1.jpg,2
497,38_61.jpg,38
498,54_58.jpg,54
499,38_65.jpg,38
500,10_15.jpg,10
501,37_49.jpg,37
502,63_27.jpg,63
503,2_7.jpg,2
504,33_9.jpg,33
505,6_66.jpg,6
506,0_58.jpg,0
507,2_18.jpg,2
508,32_62.jpg,32
509,4_6.jpg,4
510,5_46.jpg,5
511,54_60.jpg,54
512,35_30.jpg,35
513,31_19.jpg,31
514,3_33.jpg,3
515,27_41.jpg,27
516,38_34.jpg,38
517,39_49.jpg,39
518,23_11.jpg,23
519,50_26.jpg,50
520,0_74.jpg,0
521,23_46.jpg,23
522,57_15.jpg,57
523,35_13.jpg,35
524,62_36.jpg,62
525,13_52.jpg,13
526,12_13.jpg,12
527,18_31.jpg,18
528,9_36.jpg,9
529,15_57.jpg,15
530,50_40.jpg,50
531,62_31.jpg,62
532,20_7.jpg,20
533,18_34.jpg,18
534,64_27.jpg,64
535,24_12.jpg,24
536,10_56.jpg,10
537,42_12.jpg,42
538,53_50.jpg,53
539,5_53.jpg,5
540,30_21.jpg,30
541,45_30.jpg,45
542,2_53.jpg,2
543,4_81.jpg,4
544,55_48.jpg,55
545,6_63.jpg,6
546,29_12.jpg,29
547,11_52.jpg,11
548,45_33.jpg,45
549,8_12.jpg,8
550,61_36.jpg,61
551,47_16.jpg,47
552,60_57.jpg,60
553,4_51.jpg,4
554,26_4.jpg,26
555,13_72.jpg,13
556,29_53.jpg,29
557,61_47.jpg,61
558,60_56.jpg,60
559,53_67.jpg,53
560,5_48.jpg,5
561,9_37.jpg,9
562,18_59.jpg,18
563,14_68.jpg,14
564,35_24.jpg,35
565,53_57.jpg,53
566,31_31.jpg,31
567,62_54.jpg,62
568,15_21.jpg,15
569,35_46.jpg,35
570,61_72.jpg,61
571,4_37.jpg,4
572,0_78.jpg,0
573,63_15.jpg,63
574,18_80.jpg,18
575,64_19.jpg,64
576,1_77.jpg,1
577,57_17.jpg,57
578,13_21.jpg,13
579,42_38.jpg,42
580,6_19.jpg,6
581,50_60.jpg,50
582,42_45.jpg,42
583,12_61.jpg,12
584,22_63.jpg,22
585,12_45.jpg,12
586,1_1.jpg,1
587,42_15.jpg,42
588,24_9.jpg,24
589,61_33.jpg,61
590,18_60.jpg,18
591,18_6.jpg,18
592,62_21.jpg,62
593,56_34.jpg,56
594,7_70.jpg,7
595,18_35.jpg,18
596,57_33.jpg,57
597,25_19.jpg,25
598,31_44.jpg,31
599,15_52.jpg,15
600,16_46.jpg,16
601,63_42.jpg,63
602,63_26.jpg,63
603,39_10.jpg,39
604,14_51.jpg,14
605,23_50.jpg,23
606,3_81.jpg,3
607,54_50.jpg,54
608,10_36.jpg,10
609,1_92.jpg,1
610,18_16.jpg,18
611,1_88.jpg,1
612,50_10.jpg,50
613,48_23.jpg,48
614,1_11.jpg,1
615,50_33.jpg,50
616,6_50.jpg,6
617,3_69.jpg,3
618,51_28.jpg,51
619,1_93.jpg,1
620,3_75.jpg,3
621,60_71.jpg,60
622,59_48.jpg,59
623,23_24.jpg,23
624,40_19.jpg,40
625,50_63.jpg,50
626,14_11.jpg,14
627,64_9.jpg,64
628,40_27.jpg,40
629,48_38.jpg,48
630,31_26.jpg,31
631,21_12.jpg,21
632,53_14.jpg,53
633,27_42.jpg,27
634,5_58.jpg,5
635,22_60.jpg,22
636,43_54.jpg,43
637,62_45.jpg,62
638,54_30.jpg,54
639,0_62.jpg,0
640,39_48.jpg,39
641,6_27.jpg,6
642,1_83.jpg,1
643,2_59.jpg,2
644,8_46.jpg,8
645,55_43.jpg,55
646,50_66.jpg,50
647,58_40.jpg,58
648,22_16.jpg,22
649,21_27.jpg,21
650,8_30.jpg,8
651,27_40.jpg,27
652,26_34.jpg,26
653,28_28.jpg,28
654,63_46.jpg,63
655,13_9.jpg,13
656,34_52.jpg,34
657,39_29.jpg,39
658,30_44.jpg,30
659,20_13.jpg,20
660,54_10.jpg,54
661,29_10.jpg,29
662,7_59.jpg,7
663,50_8.jpg,50
664,4_18.jpg,4
665,9_40.jpg,9
666,51_49.jpg,51
667,20_48.jpg,20
668,43_37.jpg,43
669,64_30.jpg,64
670,27_34.jpg,27
671,55_21.jpg,55
672,30_7.jpg,30
673,47_7.jpg,47
674,62_14.jpg,62
675,10_50.jpg,10
676,30_68.jpg,30
677,2_40.jpg,2
678,13_62.jpg,13
679,55_42.jpg,55
680,22_9.jpg,22
681,19_19.jpg,19
682,23_6.jpg,23
683,62_22.jpg,62
684,10_22.jpg,10
685,10_70.jpg,10
686,15_4.jpg,15
687,63_24.jpg,63
688,54_15.jpg,54
689,19_50.jpg,19
690,23_34.jpg,23
691,5_18.jpg,5
692,21_1.jpg,21
693,16_11.jpg,16
694,9_84.jpg,9
695,17_6.jpg,17
696,13_42.jpg,13
697,4_70.jpg,4
698,61_40.jpg,61
699,60_29.jpg,60
700,0_18.jpg,0
701,56_17.jpg,56
702,48_12.jpg,48
703,18_26.jpg,18
704,9_82.jpg,9
705,33_1.jpg,33
706,57_18.jpg,57
707,0_3.jpg,0
708,1_61.jpg,1
709,14_67.jpg,14
710,40_17.jpg,40
711,43_36.jpg,43
712,7_24.jpg,7
713,28_56.jpg,28
714,5_63.jpg,5
715,20_6.jpg,20
716,43_11.jpg,43
717,45_39.jpg,45
718,50_67.jpg,50
719,63_21.jpg,63
720,8_31.jpg,8
721,3_53.jpg,3
722,62_19.jpg,62
723,22_45.jpg,22
724,56_31.jpg,56
725,11_1.jpg,11
726,9_90.jpg,9
727,14_61.jpg,14
728,11_60.jpg,11
729,1_64.jpg,1
730,47_57.jpg,47
731,44_44.jpg,44
732,1_78.jpg,1
733,0_75.jpg,0
734,26_26.jpg,26
735,22_52.jpg,22
736,51_22.jpg,51
737,64_46.jpg,64
738,0_12.jpg,0
739,26_17.jpg,26
740,5_21.jpg,5
741,1_63.jpg,1
742,52_26.jpg,52
743,23_33.jpg,23
744,59_38.jpg,59
745,25_1.jpg,25
746,4_43.jpg,4
747,48_46.jpg,48
748,44_55.jpg,44
749,51_50.jpg,51
750,29_64.jpg,29
751,0_30.jpg,0
752,28_33.jpg,28
753,52_60.jpg,52
754,7_33.jpg,7
755,28_43.jpg,28
756,57_50.jpg,57
757,14_46.jpg,14
758,30_74.jpg,30
759,38_17.jpg,38
760,44_8.jpg,44
761,52_28.jpg,52
762,42_24.jpg,42
763,37_46.jpg,37
764,63_62.jpg,63
765,7_43.jpg,7
766,17_31.jpg,17
767,22_19.jpg,22
768,60_58.jpg,60
769,36_45.jpg,36
770,61_74.jpg,61
771,29_23.jpg,29
772,57_19.jpg,57
773,36_34.jpg,36
774,45_41.jpg,45
775,14_3.jpg,14
776,50_75.jpg,50
777,56_77.jpg,56
778,13_64.jpg,13
779,38_58.jpg,38
780,26_19.jpg,26
781,23_51.jpg,23
782,21_3.jpg,21
783,40_22.jpg,40
784,25_8.jpg,25
785,26_51.jpg,26
786,52_34.jpg,52
787,22_8.jpg,22
788,6_14.jpg,6
789,41_50.jpg,41
790,61_23.jpg,61
791,30_60.jpg,30
792,1_43.jpg,1
793,19_23.jpg,19
794,3_46.jpg,3
795,13_11.jpg,13
796,25_30.jpg,25
797,47_41.jpg,47
798,61_49.jpg,61
799,48_45.jpg,48
800,10_38.jpg,10
801,34_19.jpg,34
802,43_15.jpg,43
803,55_8.jpg,55
804,34_42.jpg,34
805,9_89.jpg,9
806,59_37.jpg,59
807,62_43.jpg,62
808,12_7.jpg,12
809,2_58.jpg,2
810,38_64.jpg,38
811,3_41.jpg,3
812,4_57.jpg,4
813,48_67.jpg,48
814,51_15.jpg,51
815,17_12.jpg,17
816,13_22.jpg,13
817,8_59.jpg,8
818,32_31.jpg,32
819,56_55.jpg,56
820,57_48.jpg,57
821,18_51.jpg,18
822,14_47.jpg,14
823,55_37.jpg,55
824,11_29.jpg,11
825,26_39.jpg,26
826,20_38.jpg,20
827,21_64.jpg,21
828,4_54.jpg,4
829,54_26.jpg,54
830,38_54.jpg,38
831,1_97.jpg,1
832,9_54.jpg,9
833,10_31.jpg,10
834,15_58.jpg,15
835,29_70.jpg,29
836,51_35.jpg,51
837,31_57.jpg,31
838,13_76.jpg,13
839,39_42.jpg,39
840,6_68.jpg,6
841,3_65.jpg,3
842,11_34.jpg,11
843,9_24.jpg,9
844,31_63.jpg,31
845,43_8.jpg,43
846,39_64.jpg,39
847,15_12.jpg,15
848,8_41.jpg,8
849,40_21.jpg,40
850,9_50.jpg,9
851,32_15.jpg,32
852,30_57.jpg,30
853,58_10.jpg,58
854,54_17.jpg,54
855,46_35.jpg,46
856,59_42.jpg,59
857,49_34.jpg,49
858,9_75.jpg,9
859,39_38.jpg,39
860,44_53.jpg,44
861,30_19.jpg,30
862,30_65.jpg,30
863,19_15.jpg,19
864,20_33.jpg,20
865,2_24.jpg,2
866,44_63.jpg,44
867,62_50.jpg,62
868,14_56.jpg,14
869,32_60.jpg,32
870,60_21.jpg,60
871,34_34.jpg,34
872,12_22.jpg,12
873,18_47.jpg,18
874,60_59.jpg,60
875,43_7.jpg,43
876,52_55.jpg,52
877,5_36.jpg,5
878,1_42.jpg,1
879,18_11.jpg,18
880,7_15.jpg,7
881,16_31.jpg,16
882,2_28.jpg,2
883,14_35.jpg,14
884,1_95.jpg,1
885,28_38.jpg,28
886,18_78.jpg,18
887,1_12.jpg,1
888,37_15.jpg,37
889,47_14.jpg,47
890,61_55.jpg,61
891,21_18.jpg,21
892,3_61.jpg,3
893,30_17.jpg,30
894,34_22.jpg,34
895,42_23.jpg,42
896,4_16.jpg,4
897,3_74.jpg,3
898,27_57.jpg,27
899,30_69.jpg,30
900,20_18.jpg,20
901,36_58.jpg,36
902,37_31.jpg,37
903,52_48.jpg,52
904,31_14.jpg,31
905,34_18.jpg,34
906,9_88.jpg,9
907,11_27.jpg,11
908,7_54.jpg,7
909,0_65.jpg,0
910,11_37.jpg,11
911,20_58.jpg,20
912,15_48.jpg,15
913,0_80.jpg,0
914,25_45.jpg,25
915,2_49.jpg,2
916,23_41.jpg,23
917,28_8.jpg,28
918,3_38.jpg,3
919,54_21.jpg,54
920,35_35.jpg,35
921,45_34.jpg,45
922,1_44.jpg,1
923,29_44.jpg,29
924,53_12.jpg,53
925,17_7.jpg,17
926,16_33.jpg,16
927,6_77.jpg,6
928,20_49.jpg,20
929,7_26.jpg,7
930,15_49.jpg,15
931,16_30.jpg,16
932,63_67.jpg,63
933,63_1.jpg,63
934,9_21.jpg,9
935,61_52.jpg,61
936,2_14.jpg,2
937,3_1.jpg,3
938,44_61.jpg,44
939,16_39.jpg,16
940,19_3.jpg,19
941,12_44.jpg,12
942,24_3.jpg,24
943,36_43.jpg,36
944,36_59.jpg,36
945,13_41.jpg,13
946,8_58.jpg,8
947,48_65.jpg,48
948,5_13.jpg,5
949,48_72.jpg,48
950,31_49.jpg,31
951,50_13.jpg,50
952,47_24.jpg,47
953,58_22.jpg,58
954,54_62.jpg,54
955,60_60.jpg,60
956,21_33.jpg,21
957,15_10.jpg,15
958,59_43.jpg,59
959,49_8.jpg,49
960,64_7.jpg,64
961,2_13.jpg,2
962,63_66.jpg,63
963,57_3.jpg,57
964,6_41.jpg,6
965,48_41.jpg,48
966,17_4.jpg,17
967,2_11.jpg,2
968,20_55.jpg,20
969,34_11.jpg,34
970,31_47.jpg,31
971,62_59.jpg,62
972,2_46.jpg,2
973,1_55.jpg,1
974,6_47.jpg,6
975,0_11.jpg,0
976,41_64.jpg,41
977,15_59.jpg,15
978,27_30.jpg,27
979,46_6.jpg,46
980,1_6.jpg,1
981,8_22.jpg,8
982,16_17.jpg,16
983,57_47.jpg,57
984,22_55.jpg,22
985,4_26.jpg,4
986,53_76.jpg,53
987,61_67.jpg,61
988,32_63.jpg,32
989,16_50.jpg,16
990,10_67.jpg,10
991,9_14.jpg,9
992,37_44.jpg,37
993,26_23.jpg,26
994,32_59.jpg,32
995,57_37.jpg,57
996,1_45.jpg,1
997,1_57.jpg,1
998,54_34.jpg,54
999,33_10.jpg,33
1000,59_39.jpg,59
1001,38_41.jpg,38
1002,9_18.jpg,9
1003,19_36.jpg,19
1004,3_11.jpg,3
1005,1_14.jpg,1
1006,7_71.jpg,7
1007,60_54.jpg,60
1008,56_38.jpg,56
1009,13_60.jpg,13
1010,38_68.jpg,38
1011,0_38.jpg,0
1012,25_13.jpg,25
1013,57_35.jpg,57
1014,47_12.jpg,47
1015,38_59.jpg,38
1016,53_71.jpg,53
1017,5_47.jpg,5
1018,23_15.jpg,23
1019,0_31.jpg,0
1020,63_50.jpg,63
1021,38_56.jpg,38
1022,29_38.jpg,29
1023,21_60.jpg,21
1024,8_4.jpg,8
1025,60_46.jpg,60
1026,41_60.jpg,41
1027,20_44.jpg,20
1028,2_56.jpg,2
1029,2_38.jpg,2
1030,61_45.jpg,61
1031,59_34.jpg,59
1032,22_31.jpg,22
1033,48_28.jpg,48
1034,4_58.jpg,4
1035,27_54.jpg,27
1036,47_53.jpg,47
1037,22_65.jpg,22
1038,61_6.jpg,61
1039,46_34.jpg,46
1040,10_16.jpg,10
1041,57_29.jpg,57
1042,49_41.jpg,49
1043,56_30.jpg,56
1044,25_37.jpg,25
1045,21_37.jpg,21
1046,63_58.jpg,63
1047,29_7.jpg,29
1048,4_48.jpg,4
1049,60_75.jpg,60
1050,45_1.jpg,45
1051,13_57.jpg,13
1052,29_72.jpg,29
1053,14_41.jpg,14
1054,17_27.jpg,17
1055,38_37.jpg,38
1056,4_47.jpg,4
1057,34_15.jpg,34
1058,23_3.jpg,23
1059,52_53.jpg,52
1060,47_42.jpg,47
1061,16_34.jpg,16
1062,12_46.jpg,12
1063,64_13.jpg,64
1064,38_9.jpg,38
1065,26_43.jpg,26
1066,29_46.jpg,29
1067,39_18.jpg,39
1068,47_29.jpg,47
1069,32_35.jpg,32
1070,44_60.jpg,44
1071,30_27.jpg,30
1072,27_43.jpg,27
1073,9_86.jpg,9
1074,36_13.jpg,36
1075,1_33.jpg,1
1076,28_23.jpg,28
1077,19_46.jpg,19
1078,34_65.jpg,34
1079,19_33.jpg,19
1080,32_57.jpg,32
1081,31_78.jpg,31
1082,55_62.jpg,55
1083,62_24.jpg,62
1084,43_33.jpg,43
1085,35_10.jpg,35
1086,34_53.jpg,34
1087,17_43.jpg,17
1088,0_82.jpg,0
1089,23_43.jpg,23
1090,61_84.jpg,61
1091,30_78.jpg,30
1092,58_38.jpg,58
1093,30_83.jpg,30
1094,13_12.jpg,13
1095,38_47.jpg,38
1096,22_64.jpg,22
1097,8_19.jpg,8
1098,39_52.jpg,39
1099,28_48.jpg,28
1100,7_4.jpg,7
1101,42_1.jpg,42
1102,44_65.jpg,44
1103,6_38.jpg,6
1104,21_30.jpg,21
1105,15_36.jpg,15
1106,50_59.jpg,50
1107,61_68.jpg,61
1108,38_38.jpg,38
1109,11_50.jpg,11
1110,41_11.jpg,41
1111,34_50.jpg,34
1112,34_35.jpg,34
1113,29_16.jpg,29
1114,27_33.jpg,27
1115,57_40.jpg,57
1116,60_49.jpg,60
1117,52_15.jpg,52
1118,41_40.jpg,41
1119,48_63.jpg,48
1120,49_14.jpg,49
1121,31_22.jpg,31
1122,15_41.jpg,15
1123,44_14.jpg,44
1124,52_31.jpg,52
1125,28_1.jpg,28
1126,36_36.jpg,36
1127,19_18.jpg,19
1128,3_67.jpg,3
1129,14_9.jpg,14
1130,16_26.jpg,16
1131,10_68.jpg,10
1132,34_54.jpg,34
1133,41_35.jpg,41
1134,1_36.jpg,1
1135,32_66.jpg,32
1136,36_53.jpg,36
1137,63_37.jpg,63
1138,42_29.jpg,42
1139,13_49.jpg,13
1140,57_42.jpg,57
1141,21_8.jpg,21
1142,7_8.jpg,7
1143,46_26.jpg,46
1144,44_1.jpg,44
1145,5_7.jpg,5
1146,27_22.jpg,27
1147,38_45.jpg,38
1148,39_21.jpg,39
1149,21_61.jpg,21
1150,51_23.jpg,51
1151,9_59.jpg,9
1152,52_42.jpg,52
1153,4_4.jpg,4
1154,46_41.jpg,46
1155,62_65.jpg,62
1156,5_68.jpg,5
1157,0_57.jpg,0
1158,48_54.jpg,48
1159,18_46.jpg,18
1160,8_38.jpg,8
1161,62_28.jpg,62
1162,15_31.jpg,15
1163,15_13.jpg,15
1164,38_6.jpg,38
1165,11_26.jpg,11
1166,57_38.jpg,57
1167,6_55.jpg,6
1168,15_24.jpg,15
1169,6_67.jpg,6
1170,61_63.jpg,61
1171,5_77.jpg,5
1172,47_43.jpg,47
1173,58_39.jpg,58
1174,1_59.jpg,1
1175,55_53.jpg,55
1176,49_20.jpg,49
1177,16_37.jpg,16
1178,48_48.jpg,48
1179,57_51.jpg,57
1180,21_72.jpg,21
1181,54_38.jpg,54
1182,13_8.jpg,13
1183,7_56.jpg,7
1184,63_74.jpg,63
1185,18_27.jpg,18
1186,53_28.jpg,53
1187,26_9.jpg,26
1188,11_6.jpg,11
1189,45_9.jpg,45
1190,14_16.jpg,14
1191,49_15.jpg,49
1192,59_13.jpg,59
1193,37_34.jpg,37
1194,44_28.jpg,44
1195,30_66.jpg,30
1196,10_96.jpg,10
1197,10_47.jpg,10
1198,51_18.jpg,51
1199,28_15.jpg,28
1200,36_56.jpg,36
1201,60_69.jpg,60
1202,61_27.jpg,61
1203,20_17.jpg,20
1204,28_3.jpg,28
1205,3_82.jpg,3
1206,18_37.jpg,18
1207,6_43.jpg,6
1208,11_28.jpg,11
1209,59_58.jpg,59
1210,12_35.jpg,12
1211,53_54.jpg,53
1212,21_62.jpg,21
1213,6_9.jpg,6
1214,11_56.jpg,11
1215,29_63.jpg,29
1216,52_38.jpg,52
1217,19_16.jpg,19
1218,49_24.jpg,49
1219,28_50.jpg,28
1220,44_35.jpg,44
1221,37_36.jpg,37
1222,3_19.jpg,3
1223,55_51.jpg,55
1224,57_41.jpg,57
1225,45_50.jpg,45
1226,53_58.jpg,53
1227,30_35.jpg,30
1228,32_44.jpg,32
1229,23_54.jpg,23
1230,64_22.jpg,64
1231,2_33.jpg,2
1232,37_56.jpg,37
1233,51_43.jpg,51
1234,23_36.jpg,23
1235,43_22.jpg,43
1236,10_94.jpg,10
1237,12_48.jpg,12
1238,60_72.jpg,60
1239,53_44.jpg,53
1240,56_52.jpg,56
1241,35_14.jpg,35
1242,48_64.jpg,48
1243,54_41.jpg,54
1244,1_56.jpg,1
1245,56_42.jpg,56
1246,36_24.jpg,36
1247,62_51.jpg,62
1248,34_28.jpg,34
1249,56_67.jpg,56
1250,53_7.jpg,53
1251,5_1.jpg,5
1252,2_48.jpg,2
1253,10_86.jpg,10
1254,60_55.jpg,60
1255,26_24.jpg,26
1256,32_64.jpg,32
1257,49_23.jpg,49
1258,60_31.jpg,60
1259,51_37.jpg,51
1260,7_31.jpg,7
1261,46_45.jpg,46
1262,10_66.jpg,10
1263,43_13.jpg,43
1264,3_48.jpg,3
1265,35_43.jpg,35
1266,64_49.jpg,64
1267,25_60.jpg,25
1268,38_31.jpg,38
1269,31_8.jpg,31
1270,2_52.jpg,2
1271,3_59.jpg,3
1272,42_33.jpg,42
1273,30_55.jpg,30
1274,30_6.jpg,30
1275,20_8.jpg,20
1276,33_23.jpg,33
1277,18_23.jpg,18
1278,39_37.jpg,39
1279,16_42.jpg,16
1280,17_37.jpg,17
1281,10_29.jpg,10
1282,17_15.jpg,17
1283,3_14.jpg,3
1284,64_23.jpg,64
1285,6_62.jpg,6
1286,11_54.jpg,11
1287,18_77.jpg,18
1288,47_10.jpg,47
1289,28_37.jpg,28
1290,8_7.jpg,8
1291,63_81.jpg,63
1292,10_43.jpg,10
1293,23_45.jpg,23
1294,14_24.jpg,14
1295,64_33.jpg,64
1296,25_56.jpg,25
1297,1_24.jpg,1
1298,26_10.jpg,26
1299,62_41.jpg,62
1300,13_61.jpg,13
1301,29_3.jpg,29
1302,36_33.jpg,36
1303,45_35.jpg,45
1304,48_24.jpg,48
1305,3_15.jpg,3
1306,9_46.jpg,9
1307,63_33.jpg,63
1308,47_31.jpg,47
1309,2_60.jpg,2
1310,62_48.jpg,62
1311,4_55.jpg,4
1312,60_78.jpg,60
1313,59_3.jpg,59
1314,28_59.jpg,28
1315,35_9.jpg,35
1316,2_21.jpg,2
1317,41_33.jpg,41
1318,31_37.jpg,31
1319,25_38.jpg,25
1320,22_21.jpg,22
1321,27_27.jpg,27
1322,47_19.jpg,47
1323,52_6.jpg,52
1324,10_71.jpg,10
1325,64_15.jpg,64
1326,42_37.jpg,42
1327,32_21.jpg,32
1328,54_56.jpg,54
1329,7_41.jpg,7
1330,17_23.jpg,17
1331,38_16.jpg,38
1332,31_28.jpg,31
1333,30_36.jpg,30
1334,51_16.jpg,51
1335,7_11.jpg,7
1336,18_28.jpg,18
1337,14_17.jpg,14
1338,62_58.jpg,62
1339,47_18.jpg,47
1340,9_1.jpg,9
1341,6_64.jpg,6
1342,30_4.jpg,30
1343,35_28.jpg,35
1344,23_10.jpg,23
1345,19_44.jpg,19
1346,44_19.jpg,44
1347,52_56.jpg,52
1348,16_41.jpg,16
1349,37_54.jpg,37
1350,6_15.jpg,6
1351,63_11.jpg,63
1352,29_8.jpg,29
1353,28_44.jpg,28
1354,21_53.jpg,21
1355,5_38.jpg,5
1356,51_27.jpg,51
1357,49_9.jpg,49
1358,51_47.jpg,51
1359,18_63.jpg,18
1360,6_7.jpg,6
1361,43_6.jpg,43
1362,26_38.jpg,26
1363,28_71.jpg,28
1364,29_57.jpg,29
1365,59_7.jpg,59
1366,51_12.jpg,51
1367,59_11.jpg,59
1368,17_36.jpg,17
1369,39_44.jpg,39
1370,37_3.jpg,37
1371,53_64.jpg,53
1372,34_30.jpg,34
1373,30_63.jpg,30
1374,27_52.jpg,27
1375,8_55.jpg,8
1376,44_18.jpg,44
1377,22_72.jpg,22
1378,58_8.jpg,58
1379,37_52.jpg,37
1380,58_21.jpg,58
1381,46_19.jpg,46
1382,0_27.jpg,0
1383,20_42.jpg,20
1384,59_57.jpg,59
1385,61_37.jpg,61
1386,5_42.jpg,5
1387,30_30.jpg,30
1388,46_33.jpg,46
1389,52_10.jpg,52
1390,10_41.jpg,10
1391,10_8.jpg,10
1392,61_18.jpg,61
1393,43_48.jpg,43
1394,26_18.jpg,26
1395,6_51.jpg,6
1396,12_17.jpg,12
1397,60_18.jpg,60
1398,61_56.jpg,61
1399,9_7.jpg,9
1400,61_78.jpg,61
1401,6_80.jpg,6
1402,9_76.jpg,9
1403,61_11.jpg,61
1404,35_6.jpg,35
1405,10_52.jpg,10
1406,11_46.jpg,11
1407,0_37.jpg,0
1408,19_11.jpg,19
1409,31_50.jpg,31
1410,21_44.jpg,21
1411,45_12.jpg,45
1412,13_71.jpg,13
1413,54_53.jpg,54
1414,28_55.jpg,28
1415,41_57.jpg,41
1416,44_43.jpg,44
1417,38_33.jpg,38
1418,32_29.jpg,32
1419,55_34.jpg,55
1420,50_31.jpg,50
1421,60_22.jpg,60
1422,43_10.jpg,43
1423,59_8.jpg,59
1424,41_16.jpg,41
1425,38_62.jpg,38
1426,58_3.jpg,58
1427,57_13.jpg,57
1428,10_17.jpg,10
1429,59_40.jpg,59
1430,50_51.jpg,50
1431,4_29.jpg,4
1432,27_26.jpg,27
1433,14_66.jpg,14
1434,15_28.jpg,15
1435,58_46.jpg,58
1436,63_12.jpg,63
1437,2_54.jpg,2
1438,23_17.jpg,23
1439,38_29.jpg,38
1440,31_9.jpg,31
1441,63_30.jpg,63
1442,63_22.jpg,63
1443,36_52.jpg,36
1444,12_24.jpg,12
1445,37_1.jpg,37
1446,42_56.jpg,42
1447,38_14.jpg,38
1448,61_54.jpg,61
1449,32_11.jpg,32
1450,41_7.jpg,41
1451,62_40.jpg,62
1452,13_34.jpg,13
1453,39_14.jpg,39
1454,63_53.jpg,63
1455,27_49.jpg,27
1456,12_19.jpg,12
1457,24_6.jpg,24
1458,42_3.jpg,42
1459,49_37.jpg,49
1460,58_26.jpg,58
1461,42_54.jpg,42
1462,42_44.jpg,42
1463,48_21.jpg,48
1464,45_47.jpg,45
1465,13_14.jpg,13
1466,4_10.jpg,4
1467,28_58.jpg,28
1468,37_30.jpg,37
1469,41_61.jpg,41
1470,38_44.jpg,38
1471,10_69.jpg,10
1472,38_55.jpg,38
1473,3_49.jpg,3
1474,23_30.jpg,23
1475,28_67.jpg,28
1476,61_16.jpg,61
1477,51_31.jpg,51
1478,8_9.jpg,8
1479,9_22.jpg,9
1480,18_69.jpg,18
1481,16_38.jpg,16
1482,63_48.jpg,63
1483,17_1.jpg,17
1484,61_62.jpg,61
1485,39_58.jpg,39
1486,43_19.jpg,43
1487,53_40.jpg,53
1488,24_30.jpg,24
1489,32_49.jpg,32
1490,25_57.jpg,25
1491,41_30.jpg,41
1492,54_76.jpg,54
1493,31_77.jpg,31
1494,27_6.jpg,27
1495,57_44.jpg,57
1496,9_12.jpg,9
1497,60_41.jpg,60
1498,29_74.jpg,29
1499,49_36.jpg,49
1500,5_55.jpg,5
1501,15_51.jpg,15
1502,34_26.jpg,34
1503,38_40.jpg,38
1504,5_33.jpg,5
1505,5_15.jpg,5
1506,37_14.jpg,37
1507,38_60.jpg,38
1508,14_65.jpg,14
1509,5_59.jpg,5
1510,1_47.jpg,1
1511,59_49.jpg,59
1512,63_65.jpg,63
1513,21_75.jpg,21
1514,16_23.jpg,16
1515,60_66.jpg,60
1516,35_39.jpg,35
1517,55_63.jpg,55
1518,21_7.jpg,21
1519,13_67.jpg,13
1520,46_22.jpg,46
1521,29_43.jpg,29
1522,2_64.jpg,2
1523,16_12.jpg,16
1524,44_31.jpg,44
1525,10_49.jpg,10
1526,57_31.jpg,57
1527,16_51.jpg,16
1528,54_3.jpg,54
1529,61_31.jpg,61
1530,49_40.jpg,49
1531,21_6.jpg,21
1532,53_43.jpg,53
1533,43_53.jpg,43
1534,47_59.jpg,47
1535,23_19.jpg,23
1536,18_67.jpg,18
1537,32_36.jpg,32
1538,41_59.jpg,41
1539,21_42.jpg,21
1540,7_52.jpg,7
1541,62_17.jpg,62
1542,22_12.jpg,22
1543,56_41.jpg,56
1544,46_44.jpg,46
1545,41_8.jpg,41
1546,30_40.jpg,30
1547,35_38.jpg,35
1548,18_15.jpg,18
1549,9_72.jpg,9
1550,15_18.jpg,15
1551,27_48.jpg,27
1552,0_70.jpg,0
1553,19_13.jpg,19
1554,30_75.jpg,30
1555,31_41.jpg,31
1556,20_29.jpg,20
1557,64_26.jpg,64
1558,51_8.jpg,51
1559,14_49.jpg,14
1560,12_1.jpg,12
1561,6_31.jpg,6
1562,31_48.jpg,31
1563,8_68.jpg,8
1564,29_6.jpg,29
1565,42_53.jpg,42
1566,5_23.jpg,5
1567,14_53.jpg,14
1568,25_53.jpg,25
1569,45_6.jpg,45
1570,32_48.jpg,32
1571,7_9.jpg,7
1572,25_44.jpg,25
1573,31_36.jpg,31
1574,9_91.jpg,9
1575,10_9.jpg,10
1576,61_75.jpg,61
1577,49_16.jpg,49
1578,55_17.jpg,55
1579,10_80.jpg,10
1580,21_74.jpg,21
1581,6_59.jpg,6
1582,43_43.jpg,43
1583,22_29.jpg,22
1584,22_26.jpg,22
1585,30_52.jpg,30
1586,29_69.jpg,29
1587,11_8.jpg,11
1588,7_64.jpg,7
1589,11_23.jpg,11
1590,18_50.jpg,18
1591,38_3.jpg,38
1592,4_46.jpg,4
1593,54_9.jpg,54
1594,57_10.jpg,57
1595,13_36.jpg,13
1596,9_97.jpg,9
1597,42_40.jpg,42
1598,17_26.jpg,17
1599,31_59.jpg,31
1600,13_58.jpg,13
1601,40_16.jpg,40
1602,50_58.jpg,50
1603,47_9.jpg,47
1604,21_82.jpg,21
1605,16_29.jpg,16
1606,32_38.jpg,32
1607,22_58.jpg,22
1608,24_20.jpg,24
1609,21_77.jpg,21
1610,20_52.jpg,20
1611,42_28.jpg,42
1612,4_23.jpg,4
1613,2_4.jpg,2
1614,59_16.jpg,59
1615,31_69.jpg,31
1616,25_31.jpg,25
1617,19_45.jpg,19
1618,11_21.jpg,11
1619,49_33.jpg,49
1620,50_52.jpg,50
1621,60_52.jpg,60
1622,62_38.jpg,62
1623,3_70.jpg,3
1624,0_16.jpg,0
1625,60_53.jpg,60
1626,42_63.jpg,42
1627,21_31.jpg,21
1628,56_53.jpg,56
1629,50_27.jpg,50
1630,50_38.jpg,50
1631,28_11.jpg,28
1632,3_22.jpg,3
1633,42_13.jpg,42
1634,8_16.jpg,8
1635,27_9.jpg,27
1636,54_16.jpg,54
1637,27_29.jpg,27
1638,4_33.jpg,4
1639,63_40.jpg,63
1640,8_67.jpg,8
1641,0_44.jpg,0
1642,4_91.jpg,4
1643,50_62.jpg,50
1644,42_47.jpg,42
1645,31_6.jpg,31
1646,9_43.jpg,9
1647,48_35.jpg,48
1648,22_10.jpg,22
1649,32_53.jpg,32
1650,32_41.jpg,32
1651,63_60.jpg,63
1652,1_94.jpg,1
1653,61_17.jpg,61
1654,38_7.jpg,38
1655,0_48.jpg,0
1656,0_34.jpg,0
1657,50_11.jpg,50
1658,28_29.jpg,28
1659,0_85.jpg,0
1660,37_33.jpg,37
1661,16_9.jpg,16
1662,26_50.jpg,26
1663,30_31.jpg,30
1664,34_63.jpg,34
1665,1_13.jpg,1
1666,37_35.jpg,37
1667,11_10.jpg,11
1668,12_51.jpg,12
1669,32_6.jpg,32
1670,24_22.jpg,24
1671,18_66.jpg,18
1672,3_13.jpg,3
1673,23_18.jpg,23
1674,49_3.jpg,49
1675,13_33.jpg,13
1676,46_43.jpg,46
1677,57_23.jpg,57
1678,2_47.jpg,2
1679,9_96.jpg,9
1680,23_8.jpg,23
1681,55_26.jpg,55
1682,10_24.jpg,10
1683,9_77.jpg,9
1684,2_55.jpg,2
1685,2_12.jpg,2
1686,43_16.jpg,43
1687,52_66.jpg,52
1688,3_71.jpg,3
1689,61_22.jpg,61
1690,56_70.jpg,56
1691,26_42.jpg,26
1692,48_1.jpg,48
1693,46_36.jpg,46
1694,32_18.jpg,32
1695,59_19.jpg,59
1696,34_31.jpg,34
1697,25_47.jpg,25
1698,12_6.jpg,12
1699,42_27.jpg,42
1700,43_39.jpg,43
1701,41_24.jpg,41
1702,31_71.jpg,31
1703,59_47.jpg,59
1704,53_38.jpg,53
1705,19_48.jpg,19
1706,14_22.jpg,14
1707,14_70.jpg,14
1708,40_8.jpg,40
1709,46_30.jpg,46
1710,14_57.jpg,14
1711,13_47.jpg,13
1712,5_17.jpg,5
1713,40_11.jpg,40
1714,39_12.jpg,39
1715,14_34.jpg,14
1716,29_33.jpg,29
1717,62_60.jpg,62
1718,28_22.jpg,28
1719,63_13.jpg,63
1720,43_50.jpg,43
1721,5_16.jpg,5
1722,0_72.jpg,0
1723,48_36.jpg,48
1724,29_24.jpg,29
1725,14_48.jpg,14
1726,30_13.jpg,30
1727,27_8.jpg,27
1728,1_26.jpg,1
1729,34_33.jpg,34
1730,6_28.jpg,6
1731,46_14.jpg,46
1732,56_45.jpg,56
1733,5_3.jpg,5
1734,43_56.jpg,43
1735,13_16.jpg,13
1736,21_78.jpg,21
1737,48_10.jpg,48
1738,6_12.jpg,6
1739,6_30.jpg,6
1740,43_40.jpg,43
1741,45_51.jpg,45
1742,0_42.jpg,0
1743,10_54.jpg,10
1744,55_22.jpg,55
1745,42_9.jpg,42
1746,44_3.jpg,44
1747,38_22.jpg,38
1748,63_3.jpg,63
1749,46_40.jpg,46
1750,13_40.jpg,13
1751,40_12.jpg,40
1752,62_46.jpg,62
1753,30_24.jpg,30
1754,14_64.jpg,14
1755,29_60.jpg,29
1756,55_3.jpg,55
1757,60_3.jpg,60
1758,54_37.jpg,54
1759,25_35.jpg,25
1760,11_3.jpg,11
1761,15_56.jpg,15
1762,62_64.jpg,62
1763,51_26.jpg,51
1764,62_6.jpg,62
1765,53_30.jpg,53
1766,56_76.jpg,56
1767,31_23.jpg,31
1768,5_19.jpg,5
1769,46_29.jpg,46
1770,44_6.jpg,44
1771,18_41.jpg,18
1772,43_1.jpg,43
1773,53_18.jpg,53
1774,28_21.jpg,28
1775,59_31.jpg,59
1776,62_55.jpg,62
1777,39_59.jpg,39
1778,18_14.jpg,18
1779,13_75.jpg,13
1780,7_60.jpg,7
1781,2_9.jpg,2
1782,1_28.jpg,1
1783,60_81.jpg,60
1784,24_15.jpg,24
1785,15_17.jpg,15
1786,9_48.jpg,9
1787,29_37.jpg,29
1788,47_65.jpg,47
1789,24_11.jpg,24
1790,3_63.jpg,3
1791,41_51.jpg,41
1792,42_36.jpg,42
1793,4_31.jpg,4
1794,56_15.jpg,56
1795,14_6.jpg,14
1796,10_26.jpg,10
1797,19_41.jpg,19
1798,29_36.jpg,29
1799,56_58.jpg,56
1800,49_12.jpg,49
1801,7_12.jpg,7
1802,44_15.jpg,44
1803,27_45.jpg,27
1804,31_61.jpg,31
1805,1_96.jpg,1
1806,54_73.jpg,54
1807,9_80.jpg,9
1808,0_17.jpg,0
1809,30_42.jpg,30
1810,39_13.jpg,39
1811,53_1.jpg,53
1812,25_24.jpg,25
1813,19_22.jpg,19
1814,13_55.jpg,13
1815,30_22.jpg,30
1816,30_61.jpg,30
1817,50_53.jpg,50
1818,4_66.jpg,4
1819,32_17.jpg,32
1820,8_61.jpg,8
1821,17_8.jpg,17
1822,35_37.jpg,35
1823,63_4.jpg,63
1824,23_16.jpg,23
1825,34_62.jpg,34
1826,58_34.jpg,58
1827,9_93.jpg,9
1828,36_44.jpg,36
1829,6_6.jpg,6
1830,38_18.jpg,38
1831,63_31.jpg,63
1832,58_31.jpg,58
1833,32_55.jpg,32
1834,6_21.jpg,6
1835,44_40.jpg,44
1836,25_40.jpg,25
1837,47_46.jpg,47
1838,14_18.jpg,14
1839,64_38.jpg,64
1840,19_9.jpg,19
1841,18_21.jpg,18
1842,41_53.jpg,41
1843,50_16.jpg,50
1844,64_28.jpg,64
1845,44_21.jpg,44
1846,46_8.jpg,46
1847,45_19.jpg,45
1848,18_3.jpg,18
1849,5_60.jpg,5
1850,14_10.jpg,14
1851,1_23.jpg,1
1852,7_61.jpg,7
1853,15_47.jpg,15
1854,0_10.jpg,0
1855,11_19.jpg,11
1856,39_34.jpg,39
1857,29_22.jpg,29
1858,51_17.jpg,51
1859,45_11.jpg,45
1860,9_56.jpg,9
1861,12_37.jpg,12
1862,23_52.jpg,23
1863,11_53.jpg,11
1864,13_23.jpg,13
1865,59_26.jpg,59
1866,27_21.jpg,27
1867,6_44.jpg,6
1868,48_51.jpg,48
1869,60_9.jpg,60
1870,38_36.jpg,38
1871,5_9.jpg,5
1872,27_55.jpg,27
1873,10_27.jpg,10
1874,28_26.jpg,28
1875,6_34.jpg,6
1876,40_20.jpg,40
1877,47_33.jpg,47
1878,8_49.jpg,8
1879,5_78.jpg,5
1880,0_81.jpg,0
1881,63_6.jpg,63
1882,36_18.jpg,36
1883,47_37.jpg,47
1884,61_85.jpg,61
1885,13_44.jpg,13
1886,1_38.jpg,1
1887,44_29.jpg,44
1888,46_52.jpg,46
1889,63_72.jpg,63
1890,12_49.jpg,12
1891,44_22.jpg,44
1892,29_48.jpg,29
1893,9_10.jpg,9
1894,17_22.jpg,17
1895,61_12.jpg,61
1896,9_27.jpg,9
1897,49_35.jpg,49
1898,11_7.jpg,11
1899,56_64.jpg,56
1900,38_13.jpg,38
1901,47_26.jpg,47
1902,62_44.jpg,62
1903,34_36.jpg,34
1904,34_3.jpg,34
1905,22_18.jpg,22
1906,33_4.jpg,33
1907,30_67.jpg,30
1908,7_23.jpg,7
1909,12_50.jpg,12
1910,37_10.jpg,37
1911,38_49.jpg,38
1912,10_90.jpg,10
1913,30_43.jpg,30
1914,34_6.jpg,34
1915,50_45.jpg,50
1916,53_66.jpg,53
1917,53_13.jpg,53
1918,46_46.jpg,46
1919,18_72.jpg,18
1920,18_18.jpg,18
1921,35_15.jpg,35
1922,32_9.jpg,32
1923,58_6.jpg,58
1924,22_46.jpg,22
1925,63_64.jpg,63
1926,7_66.jpg,7
1927,22_15.jpg,22
1928,53_36.jpg,53
1929,54_59.jpg,54
1930,13_28.jpg,13
1931,18_43.jpg,18
1932,17_24.jpg,17
1933,7_6.jpg,7
1934,13_1.jpg,13
1935,28_19.jpg,28
1936,61_65.jpg,61
1937,32_26.jpg,32
1938,4_49.jpg,4
1939,53_52.jpg,53
1940,63_75.jpg,63
1941,11_22.jpg,11
1942,48_60.jpg,48
1943,35_36.jpg,35
1944,42_10.jpg,42
1945,52_59.jpg,52
1946,49_11.jpg,49
1947,55_55.jpg,55
1948,36_23.jpg,36
1949,53_33.jpg,53
1950,6_71.jpg,6
1951,29_54.jpg,29
1952,57_24.jpg,57
1953,31_33.jpg,31
1954,59_29.jpg,59
1955,12_15.jpg,12
1956,52_41.jpg,52
1957,63_35.jpg,63
1958,41_1.jpg,41
1959,46_3.jpg,46
1960,0_1.jpg,0
1961,56_48.jpg,56
1962,29_67.jpg,29
1963,7_1.jpg,7
1964,18_44.jpg,18
1965,22_75.jpg,22
1966,45_8.jpg,45
1967,16_19.jpg,16
1968,32_50.jpg,32
1969,16_22.jpg,16
1970,13_43.jpg,13
1971,51_38.jpg,51
1972,29_42.jpg,29
1973,22_24.jpg,22
1974,2_3.jpg,2
1975,11_9.jpg,11
1976,0_67.jpg,0
1977,63_47.jpg,63
1978,45_31.jpg,45
1979,3_18.jpg,3
1980,51_30.jpg,51
1981,47_22.jpg,47
1982,57_8.jpg,57
1983,46_11.jpg,46
1984,31_43.jpg,31
1985,63_54.jpg,63
1986,4_62.jpg,4
1987,44_57.jpg,44
1988,18_17.jpg,18
1989,50_77.jpg,50
1990,37_13.jpg,37
1991,54_19.jpg,54
1992,28_17.jpg,28
1993,23_9.jpg,23
1994,1_58.jpg,1
1995,32_7.jpg,32
1996,62_23.jpg,62
1997,55_7.jpg,55
1998,38_4.jpg,38
1999,53_77.jpg,53
2000,28_30.jpg,28
2001,44_46.jpg,44
2002,4_60.jpg,4
2003,5_50.jpg,5
2004,20_12.jpg,20
2005,30_56.jpg,30
2006,41_47.jpg,41
2007,46_31.jpg,46
2008,37_7.jpg,37
2009,26_21.jpg,26
2010,19_30.jpg,19
2011,18_10.jpg,18
2012,11_17.jpg,11
2013,56_3.jpg,56
2014,58_53.jpg,58
2015,13_3.jpg,13
2016,37_8.jpg,37
2017,50_48.jpg,50
2018,37_40.jpg,37
2019,48_33.jpg,48
2020,52_58.jpg,52
2021,57_11.jpg,57
2022,63_10.jpg,63
2023,46_9.jpg,46
2024,36_30.jpg,36
2025,63_61.jpg,63
2026,23_42.jpg,23
2027,28_27.jpg,28
2028,40_9.jpg,40
2029,30_28.jpg,30
2030,55_11.jpg,55
2031,50_21.jpg,50
2032,47_11.jpg,47
2033,64_17.jpg,64
2034,3_62.jpg,3
2035,10_10.jpg,10
2036,17_16.jpg,17
2037,9_4.jpg,9
2038,12_36.jpg,12
2039,0_59.jpg,0
2040,30_10.jpg,30
2041,3_80.jpg,3
2042,52_36.jpg,52
2043,30_58.jpg,30
2044,18_52.jpg,18
2045,2_10.jpg,2
2046,3_54.jpg,3
2047,13_53.jpg,13
2048,6_57.jpg,6
2049,56_14.jpg,56
2050,8_66.jpg,8
2051,56_69.jpg,56
2052,22_51.jpg,22
2053,52_1.jpg,52
2054,43_55.jpg,43
2055,8_45.jpg,8
2056,14_42.jpg,14
2057,61_42.jpg,61
2058,25_17.jpg,25
2059,54_75.jpg,54
2060,52_4.jpg,52
2061,22_14.jpg,22
2062,38_57.jpg,38
2063,27_3.jpg,27
2064,59_50.jpg,59
2065,62_12.jpg,62
2066,64_31.jpg,64
2067,24_13.jpg,24
2068,2_8.jpg,2
2069,37_57.jpg,37
2070,54_29.jpg,54
2071,22_70.jpg,22
2072,64_47.jpg,64
2073,35_16.jpg,35
2074,48_70.jpg,48
2075,32_13.jpg,32
2076,4_21.jpg,4
2077,39_35.jpg,39
2078,9_9.jpg,9
2079,50_12.jpg,50
2080,41_4.jpg,41
2081,53_60.jpg,53
2082,37_39.jpg,37
2083,46_7.jpg,46
2084,47_40.jpg,47
2085,40_7.jpg,40
2086,53_23.jpg,53
2087,59_56.jpg,59
2088,21_43.jpg,21
2089,63_29.jpg,63
2090,52_46.jpg,52
2091,49_29.jpg,49
2092,29_56.jpg,29
2093,29_18.jpg,29
2094,26_1.jpg,26
2095,2_29.jpg,2
2096,33_19.jpg,33
2097,12_56.jpg,12
2098,30_47.jpg,30
2099,20_15.jpg,20
2100,11_15.jpg,11
2101,3_7.jpg,3
2102,1_46.jpg,1
2103,23_27.jpg,23
2104,28_65.jpg,28
2105,62_15.jpg,62
2106,60_48.jpg,60
2107,34_13.jpg,34
2108,52_11.jpg,52
2109,55_12.jpg,55
2110,47_36.jpg,47
2111,34_7.jpg,34
2112,12_60.jpg,12
2113,43_27.jpg,43
2114,42_6.jpg,42
2115,6_29.jpg,6
2116,5_54.jpg,5
2117,1_10.jpg,1
2118,52_23.jpg,52
2119,9_85.jpg,9
2120,8_14.jpg,8
2121,54_61.jpg,54
2122,33_8.jpg,33
2123,31_60.jpg,31
2124,19_47.jpg,19
2125,32_40.jpg,32
2126,59_10.jpg,59
2127,16_18.jpg,16
2128,46_42.jpg,46
2129,10_11.jpg,10
2130,55_28.jpg,55
2131,63_55.jpg,63
2132,45_52.jpg,45
2133,37_23.jpg,37
2134,61_71.jpg,61
2135,53_15.jpg,53
2136,11_38.jpg,11
2137,26_11.jpg,26
2138,49_27.jpg,49
2139,56_43.jpg,56
2140,55_50.jpg,55
2141,31_55.jpg,31
2142,18_33.jpg,18
2143,22_30.jpg,22
2144,13_29.jpg,13
2145,13_13.jpg,13
2146,9_58.jpg,9
2147,15_53.jpg,15
2148,5_41.jpg,5
2149,1_69.jpg,1
2150,4_34.jpg,4
2151,62_53.jpg,62
2152,12_14.jpg,12
2153,24_17.jpg,24
2154,4_59.jpg,4
2155,31_12.jpg,31
2156,20_3.jpg,20
2157,44_59.jpg,44
2158,32_33.jpg,32
2159,9_99.jpg,9
2160,27_13.jpg,27
2161,23_14.jpg,23
2162,11_12.jpg,11
2163,53_11.jpg,53
2164,42_31.jpg,42
2165,60_70.jpg,60
2166,6_13.jpg,6
2167,43_34.jpg,43
2168,56_56.jpg,56
2169,63_23.jpg,63
2170,26_28.jpg,26
2171,48_74.jpg,48
2172,37_19.jpg,37
2173,23_53.jpg,23
2174,27_31.jpg,27
2175,29_65.jpg,29
2176,4_75.jpg,4
2177,44_48.jpg,44
2178,7_28.jpg,7
2179,49_10.jpg,49
2180,58_28.jpg,58
2181,61_58.jpg,61
2182,48_7.jpg,48
2183,10_34.jpg,10
2184,52_14.jpg,52
2185,5_66.jpg,5
2186,62_16.jpg,62
2187,42_41.jpg,42
2188,5_51.jpg,5
2189,46_1.jpg,46
2190,55_30.jpg,55
2191,44_67.jpg,44
2192,30_54.jpg,30
2193,36_38.jpg,36
2194,5_29.jpg,5
2195,3_12.jpg,3
2196,41_3.jpg,41
2197,58_42.jpg,58
2198,28_13.jpg,28
2199,10_72.jpg,10
2200,34_61.jpg,34
2201,60_30.jpg,60
2202,48_49.jpg,48
2203,6_18.jpg,6
2204,3_76.jpg,3
2205,29_11.jpg,29
2206,13_18.jpg,13
2207,13_63.jpg,13
2208,54_49.jpg,54
2209,36_51.jpg,36
2210,52_43.jpg,52
2211,46_47.jpg,46
2212,49_13.jpg,49
2213,3_44.jpg,3
2214,6_3.jpg,6
2215,9_83.jpg,9
2216,34_70.jpg,34
2217,13_69.jpg,13
2218,44_17.jpg,44
2219,6_37.jpg,6
2220,15_6.jpg,15
2221,40_29.jpg,40
2222,44_34.jpg,44
2223,46_49.jpg,46
2224,53_35.jpg,53
2225,60_76.jpg,60
2226,37_27.jpg,37
2227,36_7.jpg,36
2228,11_13.jpg,11
2229,62_3.jpg,62
2230,13_6.jpg,13
2231,23_22.jpg,23
2232,33_6.jpg,33
2233,10_4.jpg,10
2234,15_19.jpg,15
2235,53_49.jpg,53
2236,54_24.jpg,54
2237,27_15.jpg,27
2238,60_61.jpg,60
2239,56_40.jpg,56
2240,41_62.jpg,41
2241,45_22.jpg,45
2242,23_28.jpg,23
2243,9_30.jpg,9
2244,5_26.jpg,5
2245,30_70.jpg,30
2246,19_51.jpg,19
2247,1_31.jpg,1
2248,53_55.jpg,53
2249,6_17.jpg,6
2250,55_9.jpg,55
2251,34_45.jpg,34
2252,38_43.jpg,38
2253,20_24.jpg,20
2254,50_19.jpg,50
2255,14_1.jpg,14
2256,55_18.jpg,55
2257,52_44.jpg,52
2258,1_71.jpg,1
2259,11_55.jpg,11
2260,20_57.jpg,20
2261,62_13.jpg,62
2262,53_75.jpg,53
2263,27_37.jpg,27
2264,19_26.jpg,19
2265,60_11.jpg,60
2266,29_19.jpg,29
2267,53_4.jpg,53
2268,12_54.jpg,12
2269,47_44.jpg,47
2270,64_4.jpg,64
2271,30_46.jpg,30
2272,35_11.jpg,35
2273,0_68.jpg,0
2274,46_50.jpg,46
2275,44_42.jpg,44
2276,21_41.jpg,21
2277,54_18.jpg,54
2278,32_8.jpg,32
2279,8_47.jpg,8
2280,59_30.jpg,59
2281,7_53.jpg,7
2282,36_29.jpg,36
2283,1_35.jpg,1
2284,52_13.jpg,52
2285,3_57.jpg,3
2286,54_28.jpg,54
2287,14_52.jpg,14
2288,26_15.jpg,26
2289,59_23.jpg,59
2290,23_40.jpg,23
2291,63_9.jpg,63
2292,63_8.jpg,63
2293,53_10.jpg,53
2294,1_82.jpg,1
2295,16_15.jpg,16
2296,46_37.jpg,46
2297,61_10.jpg,61
2298,25_41.jpg,25
2299,30_51.jpg,30
2300,64_24.jpg,64
2301,55_16.jpg,55
2302,41_31.jpg,41
2303,38_52.jpg,38
2304,20_45.jpg,20
2305,31_67.jpg,31
2306,18_12.jpg,18
2307,13_38.jpg,13
2308,23_49.jpg,23
2309,28_52.jpg,28
2310,51_24.jpg,51
2311,41_63.jpg,41
2312,8_44.jpg,8
2313,47_55.jpg,47
2314,20_21.jpg,20
2315,5_24.jpg,5
2316,7_36.jpg,7
2317,18_62.jpg,18
2318,43_58.jpg,43
2319,26_52.jpg,26
2320,56_28.jpg,56
2321,41_26.jpg,41
2322,9_52.jpg,9
2323,50_43.jpg,50
2324,4_42.jpg,4
2325,53_47.jpg,53
2326,22_62.jpg,22
2327,61_3.jpg,61
2328,28_18.jpg,28
2329,4_83.jpg,4
2330,30_53.jpg,30
2331,29_15.jpg,29
2332,4_65.jpg,4
2333,64_29.jpg,64
2334,38_11.jpg,38
2335,34_10.jpg,34
2336,54_67.jpg,54
2337,43_26.jpg,43
2338,58_48.jpg,58
2339,60_27.jpg,60
2340,45_46.jpg,45
2341,10_35.jpg,10
2342,30_14.jpg,30
2343,5_4.jpg,5
2344,7_49.jpg,7
2345,21_71.jpg,21
2346,22_41.jpg,22
2347,26_7.jpg,26
2348,41_19.jpg,41
2349,53_17.jpg,53
2350,3_43.jpg,3
2351,20_37.jpg,20
2352,38_46.jpg,38
2353,58_4.jpg,58
2354,61_77.jpg,61
2355,10_81.jpg,10
2356,42_30.jpg,42
2357,0_19.jpg,0
2358,62_1.jpg,62
2359,29_58.jpg,29
2360,58_15.jpg,58
2361,28_42.jpg,28
2362,36_49.jpg,36
2363,2_31.jpg,2
2364,13_10.jpg,13
2365,12_33.jpg,12
2366,3_60.jpg,3
2367,41_22.jpg,41
2368,48_42.jpg,48
2369,13_65.jpg,13
2370,8_40.jpg,8
2371,43_57.jpg,43
2372,59_44.jpg,59
2373,64_8.jpg,64
2374,52_30.jpg,52
2375,56_63.jpg,56
2376,27_56.jpg,27
2377,4_27.jpg,4
2378,0_7.jpg,0
2379,43_3.jpg,43
2380,22_44.jpg,22
2381,10_42.jpg,10
2382,34_38.jpg,34
2383,44_9.jpg,44
2384,21_40.jpg,21
2385,62_62.jpg,62
2386,4_68.jpg,4
2387,47_1.jpg,47
2388,6_36.jpg,6
2389,30_41.jpg,30
2390,9_63.jpg,9
2391,49_26.jpg,49
2392,0_46.jpg,0
2393,8_3.jpg,8
2394,35_18.jpg,35
2395,59_6.jpg,59
2396,36_6.jpg,36
2397,50_56.jpg,50
2398,22_27.jpg,22
2399,36_46.jpg,36
2400,35_45.jpg,35
2401,59_15.jpg,59
2402,40_26.jpg,40
2403,30_12.jpg,30
2404,31_29.jpg,31
2405,45_28.jpg,45
2406,19_8.jpg,19
2407,4_99.jpg,4
2408,23_7.jpg,23
2409,12_63.jpg,12
2410,21_85.jpg,21
2411,59_17.jpg,59
2412,59_41.jpg,59
2413,50_49.jpg,50
2414,42_17.jpg,42
2415,13_17.jpg,13
2416,61_15.jpg,61
2417,43_46.jpg,43
2418,60_14.jpg,60
2419,62_33.jpg,62
2420,29_29.jpg,29
2421,23_39.jpg,23
2422,10_44.jpg,10
2423,9_41.jpg,9
2424,0_15.jpg,0
2425,50_24.jpg,50
2426,35_33.jpg,35
2427,6_35.jpg,6
2428,56_29.jpg,56
2429,5_61.jpg,5
2430,30_23.jpg,30
2431,58_11.jpg,58
2432,4_56.jpg,4
2433,33_13.jpg,33
2434,6_48.jpg,6
2435,14_31.jpg,14
2436,11_4.jpg,11
2437,18_71.jpg,18
2438,6_16.jpg,6
2439,14_4.jpg,14
2440,54_69.jpg,54
2441,45_38.jpg,45
2442,56_47.jpg,56
2443,30_18.jpg,30
2444,47_34.jpg,47
2445,19_58.jpg,19
2446,29_71.jpg,29
2447,61_44.jpg,61
2448,64_37.jpg,64
2449,42_55.jpg,42
2450,35_27.jpg,35
2451,7_13.jpg,7
2452,6_49.jpg,6
2453,16_16.jpg,16
2454,19_37.jpg,19
2455,8_51.jpg,8
2456,1_74.jpg,1
2457,60_23.jpg,60
2458,29_51.jpg,29
2459,12_43.jpg,12
2460,3_8.jpg,3
2461,20_46.jpg,20
2462,15_14.jpg,15
2463,1_41.jpg,1
2464,44_41.jpg,44
2465,60_50.jpg,60
2466,9_47.jpg,9
2467,60_17.jpg,60
2468,20_54.jpg,20
2469,59_46.jpg,59
2470,19_1.jpg,19
2471,39_60.jpg,39
2472,18_65.jpg,18
2473,7_63.jpg,7
2474,14_27.jpg,14
2475,35_44.jpg,35
2476,14_43.jpg,14
2477,54_11.jpg,54
2478,58_12.jpg,58
2479,37_48.jpg,37
2480,37_41.jpg,37
2481,26_37.jpg,26
2482,58_29.jpg,58
2483,34_41.jpg,34
2484,1_49.jpg,1
2485,37_12.jpg,37
2486,25_11.jpg,25
2487,54_43.jpg,54
2488,59_12.jpg,59
2489,2_61.jpg,2
2490,62_10.jpg,62
2491,43_38.jpg,43
2492,59_27.jpg,59
2493,53_22.jpg,53
2494,10_74.jpg,10
2495,40_14.jpg,40
2496,24_23.jpg,24
2497,39_6.jpg,39
2498,19_21.jpg,19
2499,39_53.jpg,39
2500,7_10.jpg,7
2501,52_27.jpg,52
2502,61_26.jpg,61
2503,21_57.jpg,21
2504,36_50.jpg,36
2505,26_47.jpg,26
2506,54_70.jpg,54
2507,18_56.jpg,18
2508,47_51.jpg,47
2509,31_51.jpg,31
2510,29_41.jpg,29
2511,44_36.jpg,44
2512,25_15.jpg,25
2513,30_82.jpg,30
2514,30_37.jpg,30
2515,3_30.jpg,3
2516,41_66.jpg,41
2517,60_65.jpg,60
2518,13_48.jpg,13
2519,3_28.jpg,3
2520,10_33.jpg,10
2521,3_52.jpg,3
2522,37_47.jpg,37
2523,56_50.jpg,56
2524,54_33.jpg,54
2525,0_35.jpg,0
2526,62_56.jpg,62
2527,34_24.jpg,34
2528,47_56.jpg,47
2529,50_74.jpg,50
2530,13_68.jpg,13
2531,48_22.jpg,48
2532,16_24.jpg,16
2533,32_37.jpg,32
2534,18_68.jpg,18
2535,14_13.jpg,14
2536,7_38.jpg,7
2537,51_41.jpg,51
2538,24_16.jpg,24
2539,35_34.jpg,35
2540,5_43.jpg,5
2541,13_30.jpg,13
2542,9_13.jpg,9
2543,4_61.jpg,4
2544,34_59.jpg,34
2545,10_13.jpg,10
2546,52_24.jpg,52
2547,4_14.jpg,4
2548,21_51.jpg,21
2549,43_24.jpg,43
2550,5_22.jpg,5
2551,20_30.jpg,20
2552,49_18.jpg,49
2553,2_37.jpg,2
2554,64_3.jpg,64
2555,29_27.jpg,29
2556,60_26.jpg,60
2557,28_35.jpg,28
2558,42_19.jpg,42
2559,39_9.jpg,39
2560,7_67.jpg,7
2561,52_16.jpg,52
2562,60_8.jpg,60
2563,10_82.jpg,10
2564,56_46.jpg,56
2565,51_46.jpg,51
2566,20_26.jpg,20
2567,23_38.jpg,23
2568,59_9.jpg,59
2569,53_70.jpg,53
2570,46_27.jpg,46
2571,60_16.jpg,60
2572,31_13.jpg,31
2573,57_46.jpg,57
2574,4_50.jpg,4
2575,10_63.jpg,10
2576,19_59.jpg,19
2577,43_59.jpg,43
2578,55_31.jpg,55
2579,44_38.jpg,44
2580,5_40.jpg,5
2581,13_4.jpg,13
2582,39_8.jpg,39
2583,6_72.jpg,6
2584,45_18.jpg,45
2585,41_46.jpg,41
2586,25_55.jpg,25
2587,31_10.jpg,31
2588,38_48.jpg,38
2589,34_47.jpg,34
2590,53_68.jpg,53
2591,56_13.jpg,56
2592,10_7.jpg,10
2593,38_1.jpg,38
2594,27_58.jpg,27
2595,46_53.jpg,46
2596,49_17.jpg,49
2597,57_45.jpg,57
2598,28_31.jpg,28
2599,9_23.jpg,9
2600,58_14.jpg,58
2601,18_58.jpg,18
2602,5_14.jpg,5
2603,6_74.jpg,6
2604,22_1.jpg,22
2605,32_42.jpg,32
2606,17_39.jpg,17
2607,28_36.jpg,28
2608,44_47.jpg,44
2609,20_31.jpg,20
2610,18_9.jpg,18
2611,14_8.jpg,14
2612,0_51.jpg,0
2613,56_11.jpg,56
2614,54_80.jpg,54
2615,11_43.jpg,11
2616,20_56.jpg,20
2617,1_67.jpg,1
2618,26_14.jpg,26
2619,7_72.jpg,7
2620,17_11.jpg,17
2621,8_64.jpg,8
2622,42_50.jpg,42
2623,33_16.jpg,33
2624,1_68.jpg,1
2625,20_10.jpg,20
2626,42_34.jpg,42
2627,50_70.jpg,50
2628,25_59.jpg,25
2629,7_21.jpg,7
2630,0_23.jpg,0
2631,48_43.jpg,48
2632,11_62.jpg,11
2633,43_31.jpg,43
2634,56_24.jpg,56
2635,37_18.jpg,37
2636,45_36.jpg,45
2637,23_37.jpg,23
2638,56_59.jpg,56
2639,9_73.jpg,9
2640,9_64.jpg,9
2641,18_75.jpg,18
2642,38_12.jpg,38
2643,58_27.jpg,58
2644,29_9.jpg,29
2645,26_16.jpg,26
2646,54_55.jpg,54
2647,49_38.jpg,49
2648,29_50.jpg,29
2649,52_7.jpg,52
2650,55_54.jpg,55
2651,36_47.jpg,36
2652,17_29.jpg,17
2653,6_56.jpg,6
2654,16_6.jpg,16
2655,3_66.jpg,3
2656,40_4.jpg,40
2657,7_30.jpg,7
2658,53_56.jpg,53
2659,31_3.jpg,31
2660,49_4.jpg,49
2661,58_30.jpg,58
2662,9_45.jpg,9
2663,15_62.jpg,15
2664,50_36.jpg,50
2665,54_57.jpg,54
2666,38_53.jpg,38
2667,27_19.jpg,27
2668,25_58.jpg,25
2669,18_42.jpg,18
2670,9_60.jpg,9
2671,1_91.jpg,1
2672,22_59.jpg,22
2673,19_31.jpg,19
2674,17_9.jpg,17
2675,21_19.jpg,21
2676,13_50.jpg,13
2677,41_10.jpg,41
2678,26_13.jpg,26
2679,45_29.jpg,45
2680,48_55.jpg,48
2681,47_58.jpg,47
2682,59_53.jpg,59
2683,29_14.jpg,29
2684,4_7.jpg,4
2685,23_56.jpg,23
2686,28_57.jpg,28
2687,48_8.jpg,48
2688,48_31.jpg,48
2689,58_52.jpg,58
2690,31_21.jpg,31
2691,13_54.jpg,13
2692,26_6.jpg,26
2693,22_66.jpg,22
2694,53_48.jpg,53
2695,39_50.jpg,39
2696,40_15.jpg,40
2697,2_15.jpg,2
2698,4_82.jpg,4
2699,15_23.jpg,15
2700,0_63.jpg,0
2701,1_72.jpg,1
2702,1_53.jpg,1
2703,52_29.jpg,52
2704,12_3.jpg,12
2705,34_69.jpg,34
2706,51_9.jpg,51
2707,27_36.jpg,27
2708,61_14.jpg,61
2709,26_27.jpg,26
2710,1_16.jpg,1
2711,58_36.jpg,58
2712,52_50.jpg,52
2713,58_37.jpg,58
2714,27_16.jpg,27
2715,62_29.jpg,62
2716,26_49.jpg,26
2717,18_19.jpg,18
2718,3_36.jpg,3
2719,15_7.jpg,15
2720,15_45.jpg,15
2721,54_22.jpg,54
2722,57_7.jpg,57
2723,6_76.jpg,6
2724,43_35.jpg,43
2725,31_16.jpg,31
2726,18_81.jpg,18
2727,24_33.jpg,24
2728,4_92.jpg,4
2729,61_50.jpg,61
2730,33_22.jpg,33
2731,41_29.jpg,41
2732,57_52.jpg,57
2733,43_18.jpg,43
2734,58_13.jpg,58
2735,52_3.jpg,52
2736,0_47.jpg,0
2737,52_57.jpg,52
2738,18_4.jpg,18
2739,9_69.jpg,9
2740,6_69.jpg,6
2741,12_55.jpg,12
2742,9_31.jpg,9
2743,20_9.jpg,20
2744,63_78.jpg,63
2745,43_42.jpg,43
2746,6_42.jpg,6
2747,9_29.jpg,9
2748,38_35.jpg,38
2749,8_11.jpg,8
2750,20_43.jpg,20
2751,13_27.jpg,13
2752,12_18.jpg,12
2753,18_30.jpg,18
2754,53_45.jpg,53
2755,11_63.jpg,11
2756,2_41.jpg,2
2757,55_14.jpg,55
2758,10_89.jpg,10
2759,28_68.jpg,28
2760,50_55.jpg,50
2761,22_6.jpg,22
2762,15_60.jpg,15
2763,11_40.jpg,11
2764,28_66.jpg,28
2765,8_8.jpg,8
2766,0_54.jpg,0
2767,62_42.jpg,62
2768,8_15.jpg,8
2769,21_52.jpg,21
2770,18_1.jpg,18
2771,24_1.jpg,24
2772,17_19.jpg,17
2773,9_68.jpg,9
2774,4_78.jpg,4
2775,26_29.jpg,26
2776,29_4.jpg,29
2777,27_35.jpg,27
2778,31_46.jpg,31
2779,29_30.jpg,29
2780,26_45.jpg,26
2781,56_36.jpg,56
2782,51_39.jpg,51
2783,30_64.jpg,30
2784,9_26.jpg,9
2785,7_62.jpg,7
2786,54_45.jpg,54
2787,53_63.jpg,53
2788,36_35.jpg,36
2789,47_4.jpg,47
2790,48_68.jpg,48
2791,8_18.jpg,8
2792,3_40.jpg,3
2793,8_57.jpg,8
2794,22_34.jpg,22
2795,9_62.jpg,9
2796,14_15.jpg,14
2797,58_50.jpg,58
2798,42_35.jpg,42
2799,21_34.jpg,21
2800,19_10.jpg,19
2801,30_38.jpg,30
2802,13_59.jpg,13
2803,54_66.jpg,54
2804,63_16.jpg,63
2805,31_56.jpg,31
2806,44_13.jpg,44
2807,36_41.jpg,36
2808,57_14.jpg,57
2809,9_95.jpg,9
2810,8_6.jpg,8
2811,37_24.jpg,37
2812,63_70.jpg,63
2813,52_62.jpg,52
2814,19_35.jpg,19
2815,21_4.jpg,21
2816,29_61.jpg,29
2817,36_48.jpg,36
2818,4_71.jpg,4
2819,4_76.jpg,4
2820,28_62.jpg,28
2821,19_17.jpg,19
2822,39_4.jpg,39
2823,43_30.jpg,43
2824,16_48.jpg,16
2825,10_23.jpg,10
2826,47_54.jpg,47
2827,3_42.jpg,3
2828,12_28.jpg,12
2829,22_42.jpg,22
2830,39_55.jpg,39
2831,61_19.jpg,61
2832,22_74.jpg,22
2833,56_8.jpg,56
2834,46_39.jpg,46
2835,24_36.jpg,24
2836,2_6.jpg,2
2837,21_45.jpg,21
2838,0_6.jpg,0
2839,47_21.jpg,47
2840,40_10.jpg,40
2841,20_53.jpg,20
2842,24_34.jpg,24
2843,10_83.jpg,10
2844,10_21.jpg,10
2845,22_56.jpg,22
2846,22_54.jpg,22
2847,54_36.jpg,54
2848,50_28.jpg,50
2849,8_23.jpg,8
2850,4_19.jpg,4
2851,3_17.jpg,3
2852,50_68.jpg,50
2853,34_44.jpg,34
2854,57_12.jpg,57
2855,31_72.jpg,31
2856,31_58.jpg,31
2857,28_72.jpg,28
2858,28_10.jpg,28
2859,12_42.jpg,12
2860,61_4.jpg,61
2861,56_10.jpg,56
2862,44_23.jpg,44
2863,9_3.jpg,9
2864,10_93.jpg,10
2865,60_33.jpg,60
2866,5_71.jpg,5
2867,17_41.jpg,17
2868,7_34.jpg,7
2869,44_62.jpg,44
2870,13_7.jpg,13
2871,45_27.jpg,45
2872,9_15.jpg,9
2873,56_60.jpg,56
2874,62_27.jpg,62
2875,31_76.jpg,31
2876,26_44.jpg,26
2877,0_36.jpg,0
2878,26_48.jpg,26
2879,12_30.jpg,12
2880,0_14.jpg,0
2881,59_1.jpg,59
2882,63_77.jpg,63
2883,47_17.jpg,47
2884,47_45.jpg,47
2885,34_12.jpg,34
2886,17_28.jpg,17
2887,1_75.jpg,1
2888,59_36.jpg,59
2889,48_58.jpg,48
2890,64_36.jpg,64
2891,4_63.jpg,4
2892,6_1.jpg,6
2893,23_1.jpg,23
2894,11_65.jpg,11
2895,50_57.jpg,50
2896,50_7.jpg,50
2897,26_35.jpg,26
2898,47_15.jpg,47
2899,43_28.jpg,43
2900,27_4.jpg,27
2901,4_15.jpg,4
2902,27_7.jpg,27
2903,21_16.jpg,21
2904,4_74.jpg,4
2905,2_36.jpg,2
2906,39_16.jpg,39
2907,21_58.jpg,21
2908,4_11.jpg,4
2909,6_8.jpg,6
2910,54_8.jpg,54
2911,21_9.jpg,21
2912,47_52.jpg,47
2913,39_24.jpg,39
2914,50_64.jpg,50
2915,52_18.jpg,52
2916,16_21.jpg,16
2917,48_4.jpg,48
2918,63_34.jpg,63
2919,42_52.jpg,42
2920,49_28.jpg,49
2921,63_59.jpg,63
2922,56_4.jpg,56
2923,14_60.jpg,14
2924,2_22.jpg,2
2925,48_9.jpg,48
2926,34_29.jpg,34
2927,2_43.jpg,2
2928,64_12.jpg,64
2929,45_7.jpg,45
2930,50_54.jpg,50
2931,30_72.jpg,30
2932,52_8.jpg,52
2933,55_52.jpg,55
2934,42_43.jpg,42
2935,40_24.jpg,40
2936,4_95.jpg,4
2937,9_38.jpg,9
2938,3_50.jpg,3
2939,51_51.jpg,51
2940,18_49.jpg,18
2941,39_17.jpg,39
2942,34_17.jpg,34
2943,23_57.jpg,23
2944,55_4.jpg,55
2945,21_23.jpg,21
2946,22_50.jpg,22
2947,62_66.jpg,62
2948,4_40.jpg,4
2949,60_38.jpg,60
2950,21_50.jpg,21
2951,63_36.jpg,63
2952,53_62.jpg,53
2953,62_7.jpg,62
2954,19_14.jpg,19
2955,5_45.jpg,5
2956,5_76.jpg,5
2957,2_34.jpg,2
2958,45_3.jpg,45
2959,23_4.jpg,23
2960,22_4.jpg,22
2961,6_70.jpg,6
2962,53_72.jpg,53
2963,59_51.jpg,59
2964,1_29.jpg,1
2965,35_21.jpg,35
2966,57_21.jpg,57
2967,39_33.jpg,39
2968,61_46.jpg,61
2969,30_34.jpg,30
2970,56_7.jpg,56
2971,5_57.jpg,5
2972,5_12.jpg,5
2973,48_75.jpg,48
2974,19_29.jpg,19
2975,7_29.jpg,7
2976,20_47.jpg,20
2977,32_24.jpg,32
2978,28_70.jpg,28
2979,25_4.jpg,25
2980,29_47.jpg,29
2981,11_45.jpg,11
2982,48_18.jpg,48
2983,13_24.jpg,13
2984,36_37.jpg,36
2985,60_7.jpg,60
2986,60_44.jpg,60
2987,42_59.jpg,42
2988,28_46.jpg,28
2989,61_30.jpg,61
2990,48_71.jpg,48
2991,22_3.jpg,22
2992,14_72.jpg,14
2993,47_30.jpg,47
2994,12_47.jpg,12
2995,22_49.jpg,22
2996,33_21.jpg,33
2997,40_23.jpg,40
2998,38_63.jpg,38
2999,28_69.jpg,28
3000,48_44.jpg,48
3001,20_35.jpg,20
3002,39_11.jpg,39
3003,4_90.jpg,4
3004,59_55.jpg,59
3005,21_54.jpg,21
3006,63_68.jpg,63
3007,31_64.jpg,31
3008,48_50.jpg,48
3009,57_43.jpg,57
3010,8_37.jpg,8
3011,0_66.jpg,0
3012,35_7.jpg,35
3013,51_36.jpg,51
3014,54_40.jpg,54
3015,21_29.jpg,21
3016,61_76.jpg,61
3017,52_12.jpg,52
3018,43_17.jpg,43
3019,45_10.jpg,45
3020,34_55.jpg,34
3021,15_46.jpg,15
3022,19_28.jpg,19
3023,17_3.jpg,17
3024,18_64.jpg,18
3025,36_42.jpg,36
3026,19_52.jpg,19
3027,28_41.jpg,28
3028,53_19.jpg,53
3029,41_9.jpg,41
3030,63_7.jpg,63
3031,56_12.jpg,56
3032,27_38.jpg,27
3033,37_28.jpg,37
3034,25_54.jpg,25
3035,28_45.jpg,28
3036,47_8.jpg,47
3037,17_34.jpg,17
3038,60_37.jpg,60
3039,10_19.jpg,10
3040,64_35.jpg,64
3041,38_66.jpg,38
3042,54_42.jpg,54
3043,6_45.jpg,6
3044,55_46.jpg,55
3045,13_70.jpg,13
3046,7_27.jpg,7
3047,32_58.jpg,32
3048,8_43.jpg,8
3049,0_56.jpg,0
3050,32_16.jpg,32
3051,2_50.jpg,2
3052,47_64.jpg,47
3053,56_22.jpg,56
3054,55_15.jpg,55
3055,60_47.jpg,60
3056,52_17.jpg,52
3057,55_38.jpg,55
3058,27_59.jpg,27
3059,56_6.jpg,56
3060,3_29.jpg,3
3061,41_12.jpg,41
3062,62_37.jpg,62
3063,62_63.jpg,62
3064,54_78.jpg,54
3065,12_4.jpg,12
3066,38_50.jpg,38
3067,47_60.jpg,47
3068,46_18.jpg,46
3069,39_47.jpg,39
3070,29_66.jpg,29
3071,30_62.jpg,30
3072,21_55.jpg,21
3073,32_52.jpg,32
3074,29_17.jpg,29
3075,51_44.jpg,51
3076,4_41.jpg,4
3077,31_52.jpg,31
3078,43_51.jpg,43
3079,1_37.jpg,1
3080,36_11.jpg,36
3081,1_48.jpg,1
3082,1_62.jpg,1
3083,24_28.jpg,24
3084,55_23.jpg,55
3085,21_26.jpg,21
3086,18_36.jpg,18
3087,26_22.jpg,26
3088,5_35.jpg,5
3089,54_47.jpg,54
3090,34_16.jpg,34
3091,56_9.jpg,56
3092,53_31.jpg,53
3093,59_59.jpg,59
3094,28_14.jpg,28
3095,40_30.jpg,40
3096,23_13.jpg,23
3097,53_8.jpg,53
3098,41_21.jpg,41
3099,27_53.jpg,27
3100,15_1.jpg,15
3101,4_24.jpg,4
3102,21_69.jpg,21
3103,11_30.jpg,11
3104,2_23.jpg,2
3105,15_35.jpg,15
3106,33_11.jpg,33
3107,8_24.jpg,8
3108,57_54.jpg,57
3109,52_9.jpg,52
3110,10_14.jpg,10
3111,50_72.jpg,50
3112,60_77.jpg,60
3113,26_3.jpg,26
3114,64_48.jpg,64
3115,25_51.jpg,25
3116,61_28.jpg,61
3117,39_27.jpg,39
3118,4_13.jpg,4
3119,1_52.jpg,1
3120,4_96.jpg,4
3121,48_61.jpg,48
3122,12_34.jpg,12
3123,32_3.jpg,32
3124,5_69.jpg,5
3125,19_57.jpg,19
3126,38_24.jpg,38
3127,7_57.jpg,7
3128,52_33.jpg,52
3129,56_75.jpg,56
3130,3_51.jpg,3
3131,46_23.jpg,46
3132,6_54.jpg,6
3133,19_38.jpg,19
3134,7_65.jpg,7
3135,22_22.jpg,22
3136,29_49.jpg,29
3137,39_3.jpg,39
3138,53_24.jpg,53
3139,54_46.jpg,54
3140,21_63.jpg,21
3141,58_19.jpg,58
3142,3_77.jpg,3
3143,4_45.jpg,4
3144,9_94.jpg,9
3145,47_62.jpg,47
3146,39_41.jpg,39
3147,37_4.jpg,37
3148,14_21.jpg,14
3149,50_76.jpg,50
3150,1_85.jpg,1
3151,39_23.jpg,39
3152,23_29.jpg,23
3153,54_31.jpg,54
3154,25_9.jpg,25
3155,4_30.jpg,4
3156,64_21.jpg,64
3157,59_54.jpg,59
3158,49_6.jpg,49
3159,35_3.jpg,35
3160,13_35.jpg,13
3161,12_27.jpg,12
3162,8_10.jpg,8
3163,9_70.jpg,9
3164,20_16.jpg,20
3165,1_40.jpg,1
3166,61_38.jpg,61
3167,4_36.jpg,4
3168,42_58.jpg,42
3169,8_56.jpg,8
3170,0_60.jpg,0
3171,56_23.jpg,56
3172,37_38.jpg,37
3173,60_34.jpg,60
3174,20_11.jpg,20
3175,10_6.jpg,10
3176,4_64.jpg,4
3177,42_8.jpg,42
3178,43_44.jpg,43
3179,14_40.jpg,14
3180,31_34.jpg,31
3181,37_16.jpg,37
3182,60_45.jpg,60
3183,12_31.jpg,12
3184,11_59.jpg,11
3185,46_51.jpg,46
3186,53_6.jpg,53
3187,42_21.jpg,42
3188,55_59.jpg,55
3189,6_75.jpg,6
3190,3_3.jpg,3
3191,25_6.jpg,25
3192,47_50.jpg,47
3193,32_56.jpg,32
3194,54_52.jpg,54
3195,14_26.jpg,14
3196,41_55.jpg,41
3197,51_10.jpg,51
3198,0_86.jpg,0
3199,30_59.jpg,30
3200,45_23.jpg,45
3201,50_44.jpg,50
3202,16_27.jpg,16
3203,16_40.jpg,16
3204,16_14.jpg,16
3205,14_50.jpg,14
3206,23_31.jpg,23
3207,34_8.jpg,34
3208,38_27.jpg,38
3209,34_43.jpg,34
3210,54_81.jpg,54
3211,54_23.jpg,54
3212,12_53.jpg,12
3213,5_27.jpg,5
3214,53_61.jpg,53
3215,9_8.jpg,9
3216,2_26.jpg,2
3217,17_21.jpg,17
3218,28_24.jpg,28
3219,4_77.jpg,4
3220,15_55.jpg,15
3221,35_31.jpg,35
3222,22_61.jpg,22
3223,10_30.jpg,10
3224,9_61.jpg,9
3225,56_49.jpg,56
3226,54_63.jpg,54
3227,37_9.jpg,37
3228,53_65.jpg,53
3229,6_65.jpg,6
3230,21_24.jpg,21
3231,5_44.jpg,5
3232,55_45.jpg,55
3233,25_46.jpg,25
3234,31_45.jpg,31
3235,55_35.jpg,55
3236,11_16.jpg,11
3237,4_67.jpg,4
3238,63_43.jpg,63
3239,42_7.jpg,42
3240,64_43.jpg,64
3241,30_3.jpg,30
3242,6_61.jpg,6
3243,18_22.jpg,18
3244,4_22.jpg,4
3245,61_66.jpg,61
3246,19_7.jpg,19
3247,31_35.jpg,31
3248,40_28.jpg,40
3249,60_13.jpg,60
3250,24_27.jpg,24
3251,44_56.jpg,44
3252,39_15.jpg,39
3253,46_21.jpg,46
3254,23_48.jpg,23
3255,63_71.jpg,63
3256,0_40.jpg,0
3257,37_26.jpg,37
3258,41_68.jpg,41
3259,38_51.jpg,38
3260,57_49.jpg,57
3261,50_29.jpg,50
3262,31_4.jpg,31
3263,56_16.jpg,56
3264,25_10.jpg,25
3265,22_40.jpg,22
3266,5_11.jpg,5
3267,46_28.jpg,46
3268,18_70.jpg,18
3269,52_65.jpg,52
3270,35_1.jpg,35
3271,3_24.jpg,3
3272,48_37.jpg,48
3273,10_78.jpg,10
3274,43_49.jpg,43
3275,55_44.jpg,55
3276,60_28.jpg,60
3277,30_77.jpg,30
3278,62_9.jpg,62
3279,32_4.jpg,32
3280,10_12.jpg,10
3281,23_55.jpg,23
3282,9_42.jpg,9
3283,32_51.jpg,32
3284,47_38.jpg,47
3285,60_68.jpg,60
3286,21_11.jpg,21
3287,61_51.jpg,61
3288,32_23.jpg,32
3289,61_9.jpg,61
3290,2_17.jpg,2
3291,30_45.jpg,30
3292,0_49.jpg,0
3293,26_40.jpg,26
3294,56_51.jpg,56
3295,42_46.jpg,42
3296,48_26.jpg,48
3297,36_31.jpg,36
3298,36_55.jpg,36
3299,10_55.jpg,10
3300,19_34.jpg,19
3301,50_34.jpg,50
3302,32_34.jpg,32
3303,2_45.jpg,2
3304,54_74.jpg,54
3305,61_59.jpg,61
3306,60_10.jpg,60
3307,42_11.jpg,42
3308,61_48.jpg,61
3309,3_23.jpg,3
3310,10_92.jpg,10
3311,63_17.jpg,63
3312,1_3.jpg,1
3313,21_80.jpg,21
3314,12_29.jpg,12
3315,21_22.jpg,21
3316,10_95.jpg,10
3317,36_10.jpg,36
3318,58_44.jpg,58
3319,45_26.jpg,45
3320,48_34.jpg,48
3321,4_97.jpg,4
3322,39_40.jpg,39
3323,62_4.jpg,62
3324,7_7.jpg,7
3325,37_53.jpg,37
3326,31_75.jpg,31
3327,60_67.jpg,60
3328,46_48.jpg,46
3329,39_31.jpg,39
3330,53_51.jpg,53
3331,50_35.jpg,50
3332,20_36.jpg,20
3333,48_56.jpg,48
3334,27_47.jpg,27
3335,30_76.jpg,30
3336,17_10.jpg,17
3337,1_80.jpg,1
3338,63_69.jpg,63
3339,15_34.jpg,15
3340,8_28.jpg,8
3341,12_41.jpg,12
3342,64_11.jpg,64
3343,50_71.jpg,50
3344,56_19.jpg,56
3345,58_45.jpg,58
3346,55_33.jpg,55
3347,7_17.jpg,7
3348,51_13.jpg,51
3349,30_80.jpg,30
3350,18_61.jpg,18
3351,64_18.jpg,64
3352,24_19.jpg,24
3353,9_55.jpg,9
3354,63_45.jpg,63
3355,48_40.jpg,48
3356,27_44.jpg,27
3357,3_26.jpg,3
3358,16_47.jpg,16
3359,9_81.jpg,9
3360,31_66.jpg,31
3361,57_6.jpg,57
3362,11_35.jpg,11
3363,56_66.jpg,56
3364,30_16.jpg,30
3365,50_61.jpg,50
3366,0_71.jpg,0
3367,8_60.jpg,8
3368,3_27.jpg,3
3369,38_28.jpg,38
3370,57_26.jpg,57
3371,53_9.jpg,53
3372,31_11.jpg,31
3373,33_17.jpg,33
3374,48_14.jpg,48
3375,9_49.jpg,9
3376,4_53.jpg,4
3377,64_41.jpg,64
3378,51_19.jpg,51
3379,3_35.jpg,3
3380,23_47.jpg,23
3381,63_19.jpg,63
3382,19_55.jpg,19
3383,41_49.jpg,41
3384,1_54.jpg,1
3385,0_69.jpg,0
3386,55_36.jpg,55
3387,59_52.jpg,59
3388,9_74.jpg,9
3389,60_62.jpg,60
3390,52_52.jpg,52
3391,10_18.jpg,10
3392,22_36.jpg,22
3393,30_81.jpg,30
3394,64_6.jpg,64
3395,64_14.jpg,64
3396,64_40.jpg,64
3397,11_41.jpg,11
3398,42_4.jpg,42
3399,12_16.jpg,12
3400,10_28.jpg,10
3401,9_33.jpg,9
3402,39_30.jpg,39
3403,4_52.jpg,4
3404,23_26.jpg,23
3405,24_18.jpg,24
3406,46_17.jpg,46
3407,28_6.jpg,28
3408,0_4.jpg,0
3409,14_54.jpg,14
3410,48_27.jpg,48
3411,56_61.jpg,56
3412,54_44.jpg,54
3413,59_4.jpg,59
3414,34_9.jpg,34
3415,42_62.jpg,42
3416,40_1.jpg,40
3417,56_57.jpg,56
3418,60_64.jpg,60
3419,48_15.jpg,48
3420,37_6.jpg,37
3421,34_1.jpg,34
3422,22_28.jpg,22
3423,22_23.jpg,22
3424,47_6.jpg,47
3425,59_24.jpg,59
3426,58_23.jpg,58
3427,25_43.jpg,25
3428,8_17.jpg,8
3429,50_4.jpg,50
3430,51_7.jpg,51
3431,29_68.jpg,29
3432,20_28.jpg,20
3433,17_30.jpg,17
3434,47_35.jpg,47
3435,11_11.jpg,11
3436,15_37.jpg,15
3437,1_60.jpg,1
3438,32_43.jpg,32
3439,1_18.jpg,1
3440,20_50.jpg,20
3441,11_18.jpg,11
3442,44_37.jpg,44
3443,38_15.jpg,38
3444,26_31.jpg,26
3445,8_26.jpg,8
3446,12_12.jpg,12
3447,8_36.jpg,8
3448,35_20.jpg,35
3449,58_51.jpg,58
3450,49_31.jpg,49
3451,37_42.jpg,37
3452,5_52.jpg,5
3453,34_60.jpg,34
3454,55_1.jpg,55
3455,45_17.jpg,45
3456,9_11.jpg,9
3457,14_71.jpg,14
3458,31_40.jpg,31
3459,10_37.jpg,10
3460,30_50.jpg,30
3461,6_11.jpg,6
3462,0_24.jpg,0
3463,28_4.jpg,28
3464,31_68.jpg,31
3465,32_45.jpg,32
3466,21_17.jpg,21
3467,0_21.jpg,0
3468,0_55.jpg,0
3469,53_26.jpg,53
3470,27_46.jpg,27
3471,47_48.jpg,47
3472,32_30.jpg,32
3473,22_53.jpg,22
3474,21_38.jpg,21
3475,26_46.jpg,26
3476,37_29.jpg,37
3477,20_14.jpg,20
3478,41_56.jpg,41
3479,50_6.jpg,50
3480,10_58.jpg,10
3481,1_51.jpg,1
3482,62_34.jpg,62
3483,41_67.jpg,41
3484,60_80.jpg,60
3485,27_50.jpg,27
3486,8_48.jpg,8
3487,1_90.jpg,1
3488,0_33.jpg,0
3489,36_16.jpg,36
3490,59_45.jpg,59
3491,22_7.jpg,22
3492,14_55.jpg,14
3493,51_21.jpg,51
3494,51_11.jpg,51
3495,15_54.jpg,15
3496,19_12.jpg,19
3497,34_66.jpg,34
3498,29_40.jpg,29
3499,60_43.jpg,60
3500,1_4.jpg,1
3501,58_33.jpg,58
3502,56_80.jpg,56
3503,34_40.jpg,34
3504,59_35.jpg,59
3505,43_23.jpg,43
3506,37_45.jpg,37
3507,53_42.jpg,53
3508,14_36.jpg,14
3509,44_64.jpg,44
3510,51_29.jpg,51
3511,16_7.jpg,16
3512,26_36.jpg,26
3513,5_10.jpg,5
3514,13_66.jpg,13
3515,20_27.jpg,20
3516,26_8.jpg,26
3517,4_84.jpg,4
3518,60_82.jpg,60
3519,57_27.jpg,57
3520,30_15.jpg,30
3521,25_18.jpg,25
3522,10_76.jpg,10
3523,46_24.jpg,46
3524,16_36.jpg,16
3525,61_83.jpg,61
3526,15_50.jpg,15
3527,45_49.jpg,45
3528,31_62.jpg,31
3529,62_67.jpg,62
3530,21_35.jpg,21
3531,17_13.jpg,17
3532,61_64.jpg,61
3533,25_49.jpg,25
3534,24_10.jpg,24
3535,61_70.jpg,61
3536,19_4.jpg,19
3537,55_6.jpg,55
3538,34_27.jpg,34
3539,2_62.jpg,2
3540,22_11.jpg,22
3541,45_43.jpg,45
3542,5_70.jpg,5
3543,21_84.jpg,21
3544,8_62.jpg,8
3545,3_83.jpg,3
3546,63_52.jpg,63
3547,13_37.jpg,13
3548,39_1.jpg,39
3549,32_1.jpg,32
3550,24_8.jpg,24
3551,64_1.jpg,64
3552,22_35.jpg,22
3553,20_51.jpg,20
3554,64_16.jpg,64
3555,39_22.jpg,39
3556,41_48.jpg,41
3557,43_4.jpg,43
3558,49_1.jpg,49
3559,18_57.jpg,18
3560,60_51.jpg,60
3561,56_54.jpg,56
3562,55_58.jpg,55
3563,0_29.jpg,0
3564,6_52.jpg,6
3565,62_11.jpg,62
3566,17_40.jpg,17
3567,0_26.jpg,0
3568,33_18.jpg,33
3569,28_63.jpg,28
3570,8_54.jpg,8
3571,51_4.jpg,51
3572,41_37.jpg,41
3573,49_21.jpg,49
3574,7_45.jpg,7
3575,53_53.jpg,53
3576,56_27.jpg,56
3577,0_76.jpg,0
3578,10_40.jpg,10
3579,16_8.jpg,16
3580,25_22.jpg,25
3581,14_30.jpg,14
3582,20_19.jpg,20
3583,64_45.jpg,64
3584,25_21.jpg,25
3585,55_19.jpg,55
3586,38_67.jpg,38
3587,48_66.jpg,48
3588,13_46.jpg,13
3589,50_42.jpg,50
3590,41_6.jpg,41
3591,9_71.jpg,9
3592,11_14.jpg,11
3593,44_50.jpg,44
3594,25_34.jpg,25
3595,64_20.jpg,64
3596,1_73.jpg,1
3597,63_56.jpg,63
3598,6_60.jpg,6
3599,14_37.jpg,14
3600,52_45.jpg,52
3601,12_57.jpg,12
3602,8_29.jpg,8
3603,54_86.jpg,54
3604,60_36.jpg,60
3605,29_31.jpg,29
3606,2_19.jpg,2
3607,21_47.jpg,21
3608,51_40.jpg,51
3609,56_81.jpg,56
3610,44_30.jpg,44
3611,35_4.jpg,35
3612,25_26.jpg,25
3613,7_37.jpg,7
3614,15_26.jpg,15
3615,10_77.jpg,10
3616,54_4.jpg,54
3617,45_13.jpg,45
3618,57_16.jpg,57
3619,59_21.jpg,59
3620,15_29.jpg,15
3621,16_44.jpg,16
3622,42_61.jpg,42
3623,2_16.jpg,2
3624,25_7.jpg,25
3625,36_9.jpg,36
3626,34_58.jpg,34
3627,27_10.jpg,27
3628,4_93.jpg,4
3629,10_91.jpg,10
3630,54_85.jpg,54
3631,22_38.jpg,22
3632,53_21.jpg,53
3633,29_13.jpg,29
3634,61_7.jpg,61
3635,33_3.jpg,33
3636,57_9.jpg,57
3637,50_9.jpg,50
3638,25_27.jpg,25
3639,64_42.jpg,64
3640,2_51.jpg,2
3641,0_22.jpg,0
3642,28_64.jpg,28
3643,3_16.jpg,3
3644,47_47.jpg,47
3645,28_60.jpg,28
3646,56_65.jpg,56
3647,19_56.jpg,19
3648,46_4.jpg,46
3649,56_26.jpg,56
3650,3_37.jpg,3
3651,21_13.jpg,21
3652,7_40.jpg,7
3653,14_28.jpg,14
3654,44_12.jpg,44
3655,35_12.jpg,35
3656,62_8.jpg,62
3657,44_52.jpg,44
3658,16_28.jpg,16
3659,6_26.jpg,6
3660,0_9.jpg,0
3661,50_1.jpg,50
3662,5_8.jpg,5
3663,6_10.jpg,6
3664,37_50.jpg,37
3665,5_72.jpg,5
3666,32_22.jpg,32
3667,28_53.jpg,28
3668,32_10.jpg,32
3669,52_21.jpg,52
3670,51_34.jpg,51
3671,48_3.jpg,48
3672,41_14.jpg,41
3673,47_3.jpg,47
3674,39_19.jpg,39
3675,3_64.jpg,3
3676,23_23.jpg,23
3677,11_42.jpg,11
3678,64_44.jpg,64
3679,24_31.jpg,24
3680,0_13.jpg,0
3681,47_13.jpg,47
3682,58_7.jpg,58
3683,54_82.jpg,54
3684,49_30.jpg,49
3685,28_12.jpg,28
3686,21_36.jpg,21
3687,56_74.jpg,56
3688,24_21.jpg,24
3689,1_84.jpg,1
3690,7_14.jpg,7
3691,60_35.jpg,60
3692,2_30.jpg,2
3693,49_7.jpg,49
3694,43_14.jpg,43
3695,64_10.jpg,64
3696,8_50.jpg,8
3697,57_34.jpg,57
3698,17_35.jpg,17
3699,58_49.jpg,58
3700,61_13.jpg,61
3701,54_68.jpg,54
3702,56_78.jpg,56
3703,61_34.jpg,61
3704,58_17.jpg,58
3705,11_61.jpg,11
3706,36_22.jpg,36
3707,52_64.jpg,52
3708,19_43.jpg,19
3709,17_17.jpg,17
3710,53_46.jpg,53
3711,62_26.jpg,62
3712,36_15.jpg,36
3713,21_49.jpg,21
3714,58_43.jpg,58
3715,57_30.jpg,57
3716,54_1.jpg,54
3717,4_9.jpg,4
3718,4_86.jpg,4
3719,44_4.jpg,44
3720,4_1.jpg,4
3721,22_33.jpg,22
3722,44_27.jpg,44
3723,15_11.jpg,15
3724,54_35.jpg,54
3725,50_46.jpg,50
3726,16_1.jpg,16
3727,4_85.jpg,4
3728,27_1.jpg,27
3729,6_33.jpg,6
3730,57_28.jpg,57
3731,4_8.jpg,4
3732,43_12.jpg,43
3733,13_31.jpg,13
3734,41_65.jpg,41
3735,47_66.jpg,47
3736,62_18.jpg,62
3737,38_30.jpg,38
3738,61_82.jpg,61
3739,61_8.jpg,61
3740,7_18.jpg,7
3741,14_63.jpg,14
3742,9_78.jpg,9
3743,5_31.jpg,5
3744,41_58.jpg,41
3745,12_26.jpg,12
3746,14_69.jpg,14
3747,32_12.jpg,32
3748,44_24.jpg,44
3749,34_48.jpg,34
3750,46_16.jpg,46
3751,27_23.jpg,27
3752,34_23.jpg,34
3753,29_35.jpg,29
3754,46_12.jpg,46
3755,31_54.jpg,31
3756,14_33.jpg,14
3757,20_39.jpg,20
3758,52_49.jpg,52
3759,56_68.jpg,56
3760,31_1.jpg,31
3761,48_13.jpg,48
3762,60_6.jpg,60
3763,7_48.jpg,7
3764,20_41.jpg,20
3765,52_35.jpg,52
3766,31_24.jpg,31
3767,10_61.jpg,10
3768,50_15.jpg,50
3769,31_15.jpg,31
3770,42_65.jpg,42
3771,62_49.jpg,62
3772,11_49.jpg,11
3773,41_15.jpg,41
3774,19_6.jpg,19
3775,40_3.jpg,40
3776,4_3.jpg,4
3777,2_44.jpg,2
3778,35_22.jpg,35
3779,30_8.jpg,30
3780,34_14.jpg,34
3781,5_28.jpg,5
3782,14_7.jpg,14
3783,41_45.jpg,41
3784,19_27.jpg,19
3785,48_17.jpg,48
3786,28_40.jpg,28
3787,38_26.jpg,38
3788,0_28.jpg,0
3789,8_52.jpg,8
3790,54_48.jpg,54
3791,10_65.jpg,10
3792,12_9.jpg,12
3793,25_23.jpg,25
3794,28_54.jpg,28
3795,15_33.jpg,15
3796,27_14.jpg,27
3797,2_35.jpg,2
3798,19_24.jpg,19
3799,6_53.jpg,6
3800,14_23.jpg,14
3801,33_7.jpg,33
3802,48_6.jpg,48
3803,7_3.jpg,7
3804,24_25.jpg,24
3805,52_54.jpg,52
3806,58_16.jpg,58
3807,18_74.jpg,18
3808,7_58.jpg,7
3809,62_47.jpg,62
3810,28_7.jpg,28
3811,14_29.jpg,14
3812,63_57.jpg,63
3813,38_19.jpg,38
3814,61_1.jpg,61
3815,7_16.jpg,7
3816,45_4.jpg,45
3817,17_20.jpg,17
3818,11_44.jpg,11
3819,3_56.jpg,3
3820,22_67.jpg,22
3821,0_8.jpg,0
3822,47_28.jpg,47
3823,34_51.jpg,34
3824,63_49.jpg,63
3825,3_45.jpg,3
3826,3_31.jpg,3
3827,31_65.jpg,31
3828,13_26.jpg,13
3829,50_23.jpg,50
3830,6_22.jpg,6
3831,48_62.jpg,48
3832,18_45.jpg,18
3833,37_43.jpg,37
3834,21_28.jpg,21
3835,47_27.jpg,47
3836,14_59.jpg,14
3837,10_60.jpg,10
3838,8_1.jpg,8
3839,15_22.jpg,15
3840,48_59.jpg,48
3841,28_34.jpg,28
3842,9_34.jpg,9
3843,21_68.jpg,21
3844,55_27.jpg,55
3845,2_27.jpg,2
3846,29_59.jpg,29
3847,49_19.jpg,49
3848,63_44.jpg,63
3849,10_45.jpg,10
3850,56_37.jpg,56
3851,58_18.jpg,58
3852,33_15.jpg,33
3853,7_44.jpg,7
3854,31_74.jpg,31
3855,5_75.jpg,5
3856,39_26.jpg,39
3857,9_16.jpg,9
3858,34_67.jpg,34
3859,58_41.jpg,58
3860,60_4.jpg,60
3861,1_99.jpg,1
3862,43_21.jpg,43
3863,36_17.jpg,36
3864,15_40.jpg,15
3865,4_72.jpg,4
3866,35_29.jpg,35
3867,47_63.jpg,47
3868,29_55.jpg,29
3869,56_44.jpg,56
3870,16_45.jpg,16
3871,22_68.jpg,22
3872,4_44.jpg,4
3873,3_68.jpg,3
3874,35_17.jpg,35
3875,0_41.jpg,0
3876,16_3.jpg,16
3877,11_36.jpg,11
3878,52_19.jpg,52
3879,38_42.jpg,38
3880,35_26.jpg,35
3881,28_61.jpg,28
3882,32_27.jpg,32
3883,63_63.jpg,63
3884,55_41.jpg,55
3885,23_21.jpg,23
3886,8_65.jpg,8
3887,7_42.jpg,7
3888,18_24.jpg,18
3889,35_19.jpg,35
3890,16_13.jpg,16
3891,41_28.jpg,41
3892,1_15.jpg,1
3893,17_18.jpg,17
3894,37_22.jpg,37
3895,39_56.jpg,39
3896,61_53.jpg,61
3897,6_23.jpg,6
3898,50_37.jpg,50
3899,51_1.jpg,51
3900,19_54.jpg,19
3901,13_45.jpg,13
3902,61_43.jpg,61
3903,39_43.jpg,39
3904,34_71.jpg,34
3905,25_42.jpg,25
3906,18_8.jpg,18
3907,20_22.jpg,20
3908,9_28.jpg,9
3909,0_83.jpg,0
3910,14_12.jpg,14
3911,52_40.jpg,52
3912,9_57.jpg,9
3913,6_4.jpg,6
3914,8_35.jpg,8
3915,54_65.jpg,54
3916,31_7.jpg,31
3917,4_12.jpg,4
3918,7_55.jpg,7
3919,61_35.jpg,61
3920,1_86.jpg,1
3921,17_38.jpg,17
3922,8_63.jpg,8
3923,41_17.jpg,41
3924,15_44.jpg,15
3925,57_4.jpg,57
3926,10_84.jpg,10
3927,41_44.jpg,41
3928,1_27.jpg,1
3929,35_42.jpg,35
3930,24_35.jpg,24
3931,34_56.jpg,34
3932,30_26.jpg,30
3933,14_58.jpg,14
3934,42_60.jpg,42
3935,39_45.jpg,39
3936,16_35.jpg,16
3937,33_12.jpg,33
3938,39_7.jpg,39
3939,44_58.jpg,44
3940,12_59.jpg,12
3941,42_64.jpg,42
3942,48_30.jpg,48
3943,62_52.jpg,62
3944,30_29.jpg,30
3945,42_26.jpg,42
3946,36_19.jpg,36
3947,10_46.jpg,10
3948,9_17.jpg,9
3949,22_13.jpg,22
3950,21_83.jpg,21
